Date,Open,High,Low,Close,Volume
2020-01-02,150.0902625907942,151.93353980620552,149.6648931447306,151.82955932617188,22622100
2020-01-03,149.6554253847614,151.19620847768044,149.4096455068012,149.93899536132812,21116200
2020-01-06,148.4833066063073,150.3927598163758,147.9444947187136,150.3265838623047,20813700
2020-01-07,150.60071074881336,150.93154722601824,148.71016714066076,148.9559326171875,21634100
2020-01-08,150.23203354534573,151.9997015405678,149.3056712613287,151.32855224609375,27746500
2020-01-09,152.98282871045436,153.34203671349377,152.21716063972897,153.21914672851562,21385000
2020-01-10,153.909144329844,154.2872472384287,152.35888490302304,152.5101318359375,20725900
2020-01-13,152.90714658550698,154.3723206204449,152.43451073060453,154.34396362304688,21626500
2020-01-14,154.44794943449625,154.6464628468558,152.86934735532085,153.2569122314453,23477400
2020-01-15,153.72008555883195,154.9678511775123,153.6728335108503,154.2494354248047,21417900
2020-01-16,155.35541857174925,157.1419816102334,155.05292468702913,157.0758056640625,23865400
2020-01-17,158.25743559260854,158.30470207707603,156.37633913096872,157.9549560546875,34371700
2020-01-21,157.55789835006,158.98526801417273,157.32158039758605,157.38775634765625,29517200
2020-01-22,158.2385053152415,158.3235907455817,156.6126365444651,156.6315460205078,24138800
2020-01-23,157.09467984414908,157.671296061612,156.2250317565114,157.59567260742188,19680800
2020-01-24,158.3424825375192,158.36139201317255,155.44995298181732,156.00765991210938,24918100
2020-01-27,152.33056552210473,154.43853230791845,151.43256007468932,153.3987274169922,32078100
2020-01-28,154.81662932456064,156.68826363216436,154.14549435848608,156.40469360351562,24899900
2020-01-29,158.65440861589227,159.51460937852576,156.62208010292088,158.8434600830078,34754500
2020-01-30,164.52455005778435,164.52455005778435,161.44295493874296,163.3240509033203,51597500
2020-01-31,162.78529948092563,162.964889047235,160.29922947457416,160.9136505126953,36142700
2020-02-03,161.10265199098285,164.9499148069927,161.07429499333622,164.83648681640625,30107000
2020-02-04,167.44545356772943,170.75390501577263,166.66087620777762,170.26235961914062,36433300
2020-02-05,173.95834366438353,174.11903811687424,168.64592151325192,170.0543670654297,39186300
2020-02-06,171.06586491451017,173.7598957252574,170.2056639835047,173.58029174804688,27751400
2020-02-07,172.8429430262262,175.47079730341426,172.49318267512277,173.82601928710938,33529100
2020-02-10,173.53300042903595,178.50512495189932,173.22105900121804,178.37278747558594,35844300
2020-02-11,180.21609331585088,180.26335979856873,173.45740457465837,174.34596252441406,53159900
2020-02-12,175.42356297727224,175.67879043188398,171.89770278781828,174.60118103027344,47062900
2020-02-13,173.06037316286404,176.03797374039397,172.86185972663358,173.65589904785156,35295800
2020-02-14,173.22103937911754,175.26282971697995,172.65387058847747,175.20611572265625,23149500
2020-02-18,175.4519100559709,177.42752477655208,175.34792957469273,176.98324584960938,27792200
2020-02-19,178.2533934525185,178.36713128679526,176.74630929594355,177.51406860351562,29997500
2020-02-20,177.20124557370298,177.4856045751215,171.65631012999017,174.8031768798828,36862400
2020-02-21,173.61828465342464,173.9310779733621,168.00699493612225,169.27711486816406,48572600
2020-02-24,159.02140017038658,165.4478463263177,154.71813679067944,161.97869873046875,68311100
2020-02-25,165.11611976454265,165.72274558384058,158.9076748317135,159.3057861328125,68073300
2020-02-26,160.86022960459255,164.2250980795155,159.43844930371904,161.29623413085938,56206100
2020-02-27,154.8034540782687,158.3199827709648,149.74190495438836,149.9314727783203,93174900
2020-02-28,144.4623810412788,155.17313038454182,144.0737575661736,153.561767578125,97012700
2020-03-02,156.68972022036928,163.90288871666775,153.84615862334914,163.7796630859375,71030800
2020-03-03,164.73693262306887,165.87435387128133,153.79869570273755,155.93136596679688,71677000
2020-03-04,159.70384194438486,161.79859008690633,156.98349255557616,161.6564178466797,49814400
2020-03-05,157.39109568141728,161.95974258543,157.0498678014542,157.59962463378906,47817300
2020-03-06,154.13047574382352,154.60440254772644,147.86516281770332,153.14471435546875,72821100
2020-03-09,143.1259208763582,149.5239338956656,142.17806709572008,142.76573181152344,70419300
2020-03-10,149.91252432041284,152.6328594420787,144.62349965654747,152.52859497070312,65354400
2020-03-11,148.9362624974482,149.4765316073589,143.268086730117,145.6187744140625,56371600
2020-03-12,137.72311310044867,145.4670742719519,131.35353657797347,131.80850219726562,93226400
2020-03-13,139.80840891555962,153.46698304753858,133.3914358600728,150.54759216308594,92727400
2020-03-16,132.6995403320719,141.56197970377613,127.96027103449792,128.35836791992188,87905900
2020-03-17,132.69949067274422,139.8083919587841,127.96022314871765,138.92689514160156,81059800
2020-03-18,130.80381587118453,138.38664577676045,127.97921578102556,133.0786590576172,81593200
2020-03-19,135.32508790671272,142.32023895199598,131.75167511472426,135.26821899414062,85922700
2020-03-20,138.38661003824973,139.4292546662423,128.77537619356914,130.18768310546875,84866200
2020-03-23,129.8654484471508,133.2398202414943,125.6095939935449,128.88916015625,78975200
2020-03-24,136.25395446330393,141.79890378670194,133.90328159423055,140.60459899902344,82516700
2020-03-25,141.14488563874747,146.28225050950442,136.9079788119045,139.25865173339844,75638200
2020-03-26,140.66152201921224,148.49080499301627,140.63308755743213,147.969482421875,64568100
2020-03-27,143.83679493970843,146.8130548956865,141.4197651798974,141.89369201660156,57042300
2020-03-30,144.49084339308502,152.2253342901318,142.18755101382314,151.87461853027344,63420300
2020-03-31,151.08789907794045,156.18735745872982,148.39599759418257,149.4860382080078,77927200
2020-04-01,145.02159814322476,149.52390266074318,142.95528427536644,144.17800903320312,57969900
2020-04-02,143.94101581972146,147.3722404498818,142.5192357402944,147.16371154785156,49630700
2020-04-03,147.01215873657188,149.17326466352765,144.25390017136908,145.80838012695312,41243300
2020-04-06,151.95987682480546,157.81760438772113,149.362753083422,156.65174865722656,67111700
2020-04-07,160.74651406806288,161.13513757689245,154.74659809212773,154.96461486816406,62769000
2020-04-08,157.0309386966601,157.9787925050275,154.97409766807493,156.51910400390625,48318200
2020-04-09,157.68491641818002,158.64224329248236,154.81292133217562,156.52853393554688,51385100
2020-04-13,155.7797730783277,156.9361558362128,153.83666995479288,156.8792724609375,41905300
2020-04-14,160.18722745338187,164.68953118358047,159.23937403649794,164.6421356201172,52874300
2020-04-15,162.27253576214963,164.51895866137778,160.41475077875486,162.91708374023438,40940800
2020-04-16,165.2108889927018,168.03548873292664,163.88388524576575,167.80799865722656,50479600
2020-04-17,170.13971403013997,170.6136408101682,166.6990009789437,169.28665161132812,52765600
2020-04-20,167.41942713278866,169.42887263033774,165.86494742536163,165.93128967285156,36669600
2020-04-21,164.452603513722,164.61373689398496,157.4479658215462,159.0688018798828,56203700
2020-04-22,162.45267007355434,164.92656918992733,161.91240090219344,164.4716033935547,34620200
2020-04-23,165.0308078621168,165.93126598218663,161.99767892251862,162.4810791015625,32790800
2020-04-24,163.087684835539,165.4573187880793,161.80809117902592,165.44784545898438,34277600
2020-04-27,167.38146452077441,167.67529682402676,164.26303252623075,164.9739227294922,33194400
2020-04-28,166.43362550493845,166.50945553550488,160.55693553548355,160.9550323486328,34392700
2020-04-29,164.18718760925833,168.41460620185836,162.91706736578456,168.17764282226562,51286600
2020-04-30,170.61363557217732,170.9927711993211,167.04022371080399,169.86483764648438,53875900
2020-05-01,166.63269876050148,169.32460004626728,164.93603238128148,165.4668426513672,39370500
2020-05-04,165.39096038355166,169.66577440915705,164.7369391625159,169.5141143798828,30372900
2020-05-05,171.20134645843928,174.0733422773213,170.51889057443753,171.33404541015625,36839200
2020-05-06,172.5852051098927,174.59465034524186,172.15867383336482,173.02120971679688,32139300
2020-05-07,174.56620901356314,174.92639803706723,173.05912514642642,174.02593994140625,28316000
2020-05-08,175.33395002920838,175.35291115035147,173.79843186786684,175.04959106445312,30877800
2020-05-11,173.5994066075862,177.73204949041116,173.31506205621085,177.00221252441406,30892700
2020-05-12,177.0590832769533,177.28655892042042,172.7937414047397,172.99278259277344,32038200
2020-05-13,173.0307023368351,174.45248294032083,167.3340921291514,170.376708984375,44711500
2020-05-14,168.28191004143457,171.26765735101736,166.5189018898924,171.11599731445312,41873900
2020-05-15,169.72269569068143,177.30552593773953,167.7701192161601,173.60890197753906,46610400
2020-05-18,176.06383283345417,176.49036412535662,174.36718099656215,175.26763916015625,35264500
2020-05-19,175.3813871151814,176.86952452057,173.92169862979046,174.0543975830078,26799100
2020-05-20,175.6607026476636,176.6492240164961,174.83377793793983,176.4686279296875,31261300
2020-05-21,176.22150304446987,177.42863394594616,174.21596102062003,174.34902954101562,29119500
2020-05-22,174.12088323188706,175.32801387592917,173.50305383772445,174.42503356933594,20826900
2020-05-26,177.11497503906327,177.2670574968158,172.1343978264107,172.5811309814453,36073600
2020-05-27,171.27892425897863,172.98031573057037,167.85715639177917,172.80921936035156,39517100
2020-05-28,171.79221042249597,175.03338242380826,171.45003216242014,172.41952514648438,33810200
2020-05-29,173.68365684604478,175.14742482016004,171.47851967536127,174.17791748046875,42130400
2020-06-01,173.5030505874689,173.94028391212214,172.47653052735325,173.77870178222656,22622400
2020-06-02,175.12843859127653,175.84130876193302,172.37201306609043,175.75576782226562,30794600
2020-06-03,175.67022679734052,176.73477494392236,174.49160956121008,176.18348693847656,27311000
2020-06-04,175.17594339707023,176.6396969090423,173.2749565224485,173.8642578125,28761800
2020-06-05,173.5791261393768,178.43614872306114,172.99932449815253,177.93238830566406,39893600
2020-06-08,176.73472014676062,179.2155081504002,175.30898024819479,179.034912109375,33211600
2020-06-09,178.6927498162393,181.25907896079704,177.98937951595948,180.4036407470703,29783900
2020-06-10,181.66782874345716,188.69197518428444,181.55375966025008,187.0951385498047,43872300
2020-06-11,183.56880167969496,186.0685895505903,176.85832035143625,177.0484161376953,52854700
2020-06-12,181.10700280410285,182.22859253772987,176.01235769140365,178.4456329345703,43373600
2020-06-15,175.44213519108897,181.37322131344612,174.9003468009955,179.58628845214844,32770200
2020-06-16,183.3407021258186,185.89753212160974,181.98150329725257,183.98704528808594,42556700
2020-06-17,185.37475436642524,186.60089915769962,184.10109650074745,184.62387084960938,25687800
2020-06-18,184.39575430738998,186.7624885400783,184.39575430738998,186.6009063720703,23061600
2020-06-19,188.75851552523656,189.42385812687283,184.74743147959663,185.4888153076172,44441100
2020-06-22,186.0971303068874,190.8210845257473,185.56485622646053,190.6405029296875,32818900
2020-06-23,192.08526647301503,193.85318531785475,191.4579371563403,191.9141845703125,30917400
2020-06-24,191.6195195901801,193.18782826180146,186.8290236235657,188.045654296875,36740600
2020-06-25,188.00762775594458,190.67851232035468,185.79297603620233,190.421875,27803900
2020-06-26,189.842007462149,189.99408985871392,185.2321240303587,186.61033630371094,54675800
2020-06-29,186.08758992879393,188.7014466837992,183.96799378477183,188.61590576171875,26701600
2020-06-30,188.0836677162733,194.28087520010905,187.9505991998322,193.4349365234375,34310300
2020-07-01,193.0832420355836,196.1343324418635,191.78107062870032,194.56600952148438,32061200
2020-07-02,195.49747916723908,197.72164478695544,194.85115060490307,196.04876708984375,29315800
2020-07-06,198.49157881412916,200.67771697922893,197.78820833392348,200.2689971923828,31897600
2020-07-07,200.0313599594094,204.0424438056839,197.6931540036791,197.94027709960938,33600700
2020-07-08,199.67017648667414,202.70223856853215,198.35849081572363,202.2935333251953,33600000
2020-07-09,205.6202645828633,205.66779215946096,201.00086550314717,203.70977783203125,33121700
2020-07-10,203.04443714124912,203.48167057647657,200.63018979121773,203.0919647216797,26177600
2020-07-13,203.86182504239108,205.11648332076217,196.27689159753407,196.8186798095703,38135600
2020-07-14,195.92521229609352,198.51055554544172,192.02818349282316,198.03530883789062,37591800
2020-07-15,199.18540043368412,200.86777786204274,194.87966636549174,197.7406463623047,32179400
2020-07-16,195.23135704153594,195.51650798920733,192.2943356382939,193.8246307373047,29940700
2020-07-17,194.34743250474673,194.88920632879422,191.4199104017401,192.83615112304688,31635300
2020-07-20,194.8511575839136,201.78976268148,192.95967039395572,201.12442016601562,36884800
2020-07-21,203.08245412639516,203.34859115848997,197.73117083168316,198.41552734375,37990400
2020-07-22,198.84326711943132,201.78980321266909,198.07336958951217,201.26702880859375,49605700
2020-07-23,196.93274275439686,200.47807930746816,192.14224758300097,192.512939453125,67457000
2020-07-24,190.4978812538678,192.81708741886504,187.7319420405287,191.33432006835938,39827000
2020-07-27,191.4959232851321,193.87215699393317,190.91612168004946,193.7581024169922,30160900
2020-07-28,193.52997313063014,194.56600751672175,191.75255500922717,192.01869201660156,23251400
2020-07-29,192.4749048026826,194.51845971898967,192.00915783651203,193.95767211914062,19632600
2020-07-30,191.04923807079211,194.33795272951923,189.69003901032036,193.8056640625,25079600
2020-07-31,194.2808703677026,194.94622743673912,189.15771085707848,194.8606719970703,51044000
2020-08-03,201.04841765066982,206.8654340533145,200.02188278490044,205.81988525390625,78983000
2020-08-04,203.56719761461736,204.1374995340673,199.89829200805272,202.7307586669922,49280100
2020-08-05,204.2610610698923,204.35611622762954,201.09593026524874,202.39810180664062,28806400
2020-08-06,201.8277788907073,205.65826639464163,201.07689543479427,205.63926696777344,32656800
2020-08-07,204.21352530560762,205.0214360430896,200.48757818630773,201.96084594726562,27820400
2020-08-10,201.19096322321653,201.39057324547656,196.13434519873215,197.94027709960938,36716500
2020-08-11,196.9042350854853,197.36996761393385,193.08324719054212,193.31137084960938,36446500
2020-08-12,195.1268218072775,199.86979002066158,194.61356165253872,198.83375549316406,28013100
2020-08-13,199.07136664712925,200.88681276479966,197.845221875211,198.3679962158203,22588900
2020-08-14,198.42505219463442,199.21396367663425,197.2369351139206,198.55812072753906,17958900
2020-08-17,199.2234376356791,200.73471877613036,198.57709453262723,199.86976623535156,20184800
2020-08-18,200.1073564618263,201.84676096881321,198.85271282768738,201.01983642578125,21336200
2020-08-19,201.50579719810975,202.08700035706565,199.37153987670285,199.80029296875,27627600
2020-08-20,199.64784525904383,204.85009118082817,199.04759673846627,204.44992065429688,26981500
2020-08-21,203.76387239997578,206.04104218057276,202.801558777848,202.96353149414062,36249300
2020-08-24,204.6499901784463,205.34553813622844,202.4014026425913,203.6019287109375,25460100
2020-08-25,203.03978535206127,206.38407681542566,203.03978535206127,206.2506866455078,23043700
2020-08-26,207.59411583177993,211.60535795675764,207.09866042168693,210.70973205566406,39600800
2020-08-27,212.36760613351487,220.2376553277193,209.04235998516526,215.88340759277344,57602200
2020-08-28,217.4079064903307,219.75177942740257,215.8834491710163,218.10345458984375,26292900
2020-08-31,216.2835998158093,217.90334192876838,213.72058919228218,214.88299560546875,28774200
2020-09-01,214.86394119772189,216.71235847698847,213.83492494312688,216.54086303710938,25725500
2020-09-02,217.20777104208625,221.8669185708631,216.6170452591316,220.7140350341797,34080800
2020-09-03,218.44646255713243,218.4845678117185,204.81202155908042,207.0415496826172,58400300
2020-09-04,204.94537631657883,208.0514701428707,195.50321280100798,204.135498046875,59664100
2020-09-08,196.75138131717694,200.11473306475375,192.65437628036617,193.09266662597656,52924300
2020-09-09,197.79942927592472,204.69762722495835,196.9419086014435,201.31521606445312,45679000
2020-09-10,203.32559316845246,204.60234415505118,194.47417119348202,195.6746826171875,35461500
2020-09-11,197.41827948947508,198.78077809110243,191.73965363926618,194.39793395996094,33620100
2020-09-14,194.59805053998278,199.32388603691476,194.39795802128066,195.7128143310547,30375800
2020-09-15,198.58073117424792,199.87652772915487,197.16106711664477,198.92373657226562,21823900
2020-09-16,200.6768350437984,200.70541761062034,194.97914895511403,195.3697967529297,26328100
2020-09-17,190.60582791327076,194.68377191902317,190.52008021903868,193.330810546875,34011300
2020-09-18,193.22602418775512,194.03588784185274,186.98524002077554,190.92979431152344,55225300
2020-09-21,187.88087836630214,193.1402892819436,187.109119905432,192.97830200195312,39839700
2020-09-22,195.3793420932357,198.27583520030763,192.5400286648774,197.6279296875,33517100
2020-09-23,198.08526187258073,198.27583172140538,190.58680064366783,191.120361328125,30803800
2020-09-24,190.4153069509795,195.8652732003476,189.79598401356498,193.59762573242188,31202500
2020-09-25,193.94061154993864,199.17142485131276,192.97828333240028,198.009033203125,29437300
2020-09-28,200.92460337616922,202.53482275392867,198.23772534118714,199.55258178710938,32004900
2020-09-29,199.4668235840097,200.1528343424677,197.04672603654993,197.47547912597656,24221900
2020-09-30,197.9232957386492,201.97265800789293,196.78947197711074,200.4005584716797,33829100
2020-10-01,203.41136629321662,203.88776181773622,201.34381146141408,202.42999267578125,27158400
2020-10-02,198.18054316818606,201.02939371006642,195.8366707318804,196.45599365234375,33154800
2020-10-05,197.43737304379223,200.47677898107784,197.20869794579374,200.4481964111328,21331600
2020-10-06,198.9618499090392,200.25763188349316,195.1506854050532,196.18922424316406,28554300
2020-10-07,197.2849132698332,200.1909288915541,196.96096780077255,199.9241485595703,25681100
2020-10-08,200.57206106834602,201.21996661458442,198.48546064844754,200.63876342773438,19925800
2020-10-09,201.258101327939,205.6695296795064,201.258101327939,205.62188720703125,26458000
2020-10-12,208.46116681722611,213.29182486837524,206.5746444335624,210.9479522705078,40461400
2020-10-13,212.20562960629036,214.57808461932888,210.02372990076108,212.33901977539062,28950800
2020-10-14,212.47241351746592,213.634819812789,208.78511664370075,210.43344116210938,23421700
2020-10-15,206.8509270041403,209.95702035655543,205.81237378958647,209.29006958007812,22733100
2020-10-16,209.75692785439398,211.79589996444545,208.96612413699438,209.29006958007812,26057900
2020-10-19,210.01425187181692,211.8055041277788,203.6305532132676,204.10694885253906,27625800
2020-10-20,205.61235071965658,207.10822539351736,203.03028008469627,204.51663208007812,22753500
2020-10-21,203.05884917539285,206.67945852332676,203.05884917539285,204.6595458984375,22724900
2020-10-22,203.8305991538514,205.86004890997927,201.70587900793112,204.7452850341797,22351500
2020-10-23,204.87870235214814,206.06969142062243,203.09698735801163,206.0220489501953,18879600
2020-10-26,203.75437998821897,206.12682049278558,198.27583123211025,200.162353515625,37111600
2020-10-27,201.60108711313487,204.53568576239945,200.4005754314339,203.18272399902344,36700300
2020-10-28,197.86615845641646,198.9809224817039,192.559118718675,193.11172485351562,51195600
2020-10-29,194.43609623327302,197.57077270816046,193.7691308000109,195.05540466308594,31432600
2020-10-30,193.8929947937588,194.64569338891974,190.19616056013263,192.91162109375,36953700
2020-11-02,194.64570661719011,195.58897513304893,190.67256908298938,192.7782440185547,30842200
2020-11-03,194.2645939137079,198.29489655104663,193.53094063130447,196.68467712402344,27512000
2020-11-04,203.91637379335975,208.01337880275392,202.39190207967457,206.1744842529297,42311800
2020-11-05,211.55775973379434,213.5395672501234,210.70977611493413,212.74874877929688,36080100
2020-11-06,211.76738088350064,213.76824835120496,207.73707791171776,213.15846252441406,25231900
2020-11-09,213.84443666623005,217.35070093341986,207.59412938058674,208.08004760742188,44395000
2020-11-10,204.37369285917435,206.27927507697552,199.81935252170467,201.04844665527344,44045100
2020-11-11,202.36331998035507,207.74658438097188,202.18228732835718,206.32693481445312,29440800
2020-11-12,206.95574656645329,208.76604371283022,204.33557122707558,205.26930236816406,21593900
2020-11-13,206.1458902459224,207.15584652138176,204.04975265970353,206.28880310058594,18621100
2020-11-16,204.72623524216695,207.4607558021883,204.3927670537816,206.97482299804688,24953300
2020-11-17,205.89814800130065,207.40354503928398,203.97350604430233,204.3355712890625,24154100
2020-11-18,204.0967541671124,205.54879230047052,201.49837627647196,201.6416778564453,28372800
2020-11-19,201.9282623804157,203.50447769292882,200.5430866843581,202.9217529296875,24792700
2020-11-20,202.71160861053573,203.75286645318923,200.60998313112907,200.9825439453125,22843100
2020-11-23,201.51747845639179,202.7975575607246,198.8522382569824,200.7150421142578,25683500
2020-11-24,200.21829000165692,204.66992405352661,199.52093564872897,204.29736328125,33979700
2020-11-25,205.49150530360316,205.66344973103548,202.96000405638625,204.30694580078125,21012900
2020-11-27,205.24317194113087,206.59967610713267,204.4693781536989,205.60617065429688,14512200
2020-11-30,204.52664324038548,205.1571206288047,201.4124030008416,204.49798583984375,33064800
2020-12-01,204.91831538871995,207.6026802551805,203.8101951352775,206.5423126220703,30904500
2020-12-02,205.27175707094355,205.83537202902343,203.2847614414329,205.73983764648438,23724500
2020-12-03,205.01385141230443,206.7047110734639,204.0967707859038,204.660400390625,25120900
2020-12-04,204.64130026023815,205.74943515132207,203.64779498667923,204.77503967285156,24666000
2020-12-07,204.7845850033911,205.90226749133078,203.46630068701492,204.70816040039062,24620000
2020-12-08,204.40246580922124,207.24921288280584,203.3707555877573,206.3512420654297,23284100
2020-12-09,205.5392120715224,205.6060744703643,201.76583762177287,202.32945251464844,32440600
2020-12-10,202.3008269195042,203.55224866960762,200.9538707828964,201.10671997070312,26733300
2020-12-11,200.65775387019116,203.7815420297955,199.75978302617932,203.72421264648438,30979400
2020-12-14,203.5713413258562,206.54227974744384,203.36117735443844,204.6221466064453,28798400
2020-12-15,205.54880373486253,205.78762513826916,202.74982388365729,204.55531311035156,27000600
2020-12-16,205.1475489526144,210.26787951186068,205.11889155543477,209.47499084472656,35023300
2020-12-17,210.03862496314824,211.0130202858481,208.17582109364878,209.60874938964844,32515800
2020-12-18,208.81588745117188,209.86670750037604,206.36081090203456,208.81588745117188,63354900
2020-12-21,207.8223907859236,213.98398015637602,207.5644595855646,212.63702392578125,37181900
2020-12-22,212.7325895698043,215.5411320541777,211.93015302469877,213.92669677734375,22612200
2020-12-23,213.1337656474204,213.5636412417296,210.92705829699878,211.13722229003906,18699600
2020-12-24,211.51932442817505,213.6114021119119,211.3091604413567,212.78985595703125,10550600
2020-12-28,214.41382656244667,215.92317939460656,213.04777530052024,214.90103149414062,17933500
2020-12-29,216.1906940710148,217.0217879256929,213.58276831645435,214.1272735595703,17403200
2020-12-30,215.15898241983697,215.54110542494223,211.56711363086075,211.76771545410156,20272300
2020-12-31,211.78680261581542,213.02867674081537,209.8571217316309,212.474609375,20942100
2021-01-04,212.57966313491698,213.02864844799004,205.20485853373663,207.95608520507812,37130100
2021-01-05,207.54535604544097,208.74902529905103,206.0551127566878,208.15673828125,23823000
2021-01-06,202.68294429919243,206.8097850939476,202.46323269229157,202.75936889648438,35930700
2021-01-07,204.46930296341804,209.53231905241694,204.15407157426245,208.52926635742188,27694500
2021-01-08,208.90186433865418,210.71691586641606,207.32564880606074,209.79983520507812,22956200
2021-01-11,208.70126684156315,209.12159487937964,207.0390644856078,207.7650909423828,23031300
2021-01-12,206.81933974373354,207.3925169546865,203.78153842458812,205.3195343017578,23249300
2021-01-13,204.45023357688456,207.0677068608454,204.3642467924793,206.66648864746094,20087100
2021-01-14,206.25566237009298,207.73635757037783,203.22740957514134,203.49488830566406,29480800
2021-01-15,203.9726032075833,204.9183267052181,202.5492222917303,203.14149475097656,31746500
2021-01-19,204.1922881817282,207.2778564550541,203.12237302041416,206.7620086669922,30480900
2021-01-20,207.9656807925922,215.69393811736836,207.5740101820579,214.30877685546875,37777300
2021-01-21,214.65263708512342,216.1810996313469,212.47458743147936,214.9105682373047,30709400
2021-01-22,216.92629460218512,219.7826043046785,215.70352998157017,215.84681701660156,30172700
2021-01-25,218.87503776935245,219.50552978031035,214.19414403672963,219.26670837402344,33152100
2021-01-26,221.49249719165246,223.70875197766188,219.79209016333058,221.9414825439453,49169600
2021-01-27,227.35792324272012,229.6888219308936,219.84937948029975,222.4859619140625,69870600
2021-01-28,225.07484302342925,231.79049969167863,224.57809042509956,228.2463836669922,49111200
2021-01-29,225.43784282406364,227.37707132988027,221.0053184426969,221.58804321289062,42503100
2021-02-01,224.54941645846407,231.65674320065412,222.03701082648814,228.93417358398438,33314200
2021-02-02,230.51041491917857,231.47524811392537,228.0171189555544,228.80044555664062,25916300
2021-02-03,228.85776177893771,234.13092741775498,228.56161101991137,232.13438415527344,27158100
2021-02-04,231.80963464497927,232.36370210777145,229.622022199084,231.18869018554688,25296100
2021-02-05,231.3988051042703,232.40185780549683,229.66974066267514,231.37014770507812,18054800
2021-02-08,232.27766943528493,232.78396959711438,230.04230480647178,231.62808227539062,22211900
2021-02-09,231.0549132931618,233.81568797324968,230.58683269861282,232.86996459960938,23565000
2021-02-10,234.04494826138287,234.92380917506196,230.1187242605503,231.96243286132812,22186700
2021-02-11,233.8347808948269,234.188231861373,231.32237539359443,233.55775451660156,15751100
2021-02-12,233.022770321442,234.3315212859185,231.87643070904207,234.03538513183594,16561100
2021-02-16,234.0736321982964,235.12445220145085,232.05797897515586,232.8031005859375,26728500
2021-02-17,231.06050473804564,233.92337823277546,230.6966554202905,233.81805419921875,21653500
2021-02-18,231.5200582564853,233.5594929778077,230.62001931004644,233.42544555664062,16925600
2021-02-19,233.38716644155568,233.4924904651733,229.96893508329921,230.72535705566406,25262600
2021-02-22,227.32628051507058,227.81459302124637,222.51969763144905,224.5399932861328,36446900
2021-02-23,220.53771150889756,224.84639771521285,219.0057283470669,223.35272216796875,30228700
2021-02-24,220.2313141829066,225.20066806135043,219.26425873805556,224.57830810546875,26339700
2021-02-25,222.21331214271885,224.6165963051779,218.1918745974985,219.2546844482422,39542200
2021-02-26,221.68671096867462,225.3634533466254,219.78130875334585,222.50057983398438,37819200
2021-03-01,225.87092094675552,227.37418084242998,223.23783468700705,226.86671447753906,25324000
2021-03-02,226.9337206213468,227.2113997050835,223.5250732642781,223.92721557617188,22812500
2021-03-03,222.28992364520352,223.6495518308172,217.59823410434785,217.88548278808594,34029500
2021-03-04,217.10031296721587,222.6058557444878,214.72573791098387,217.09072875976562,44727800
2021-03-05,219.76213575150246,223.3527073519188,216.83223166317447,221.7537078857422,41872800
2021-03-08,221.53346048244356,223.44843187162684,217.47373048782126,217.72267150878906,35267400
2021-03-09,222.97930254117327,225.37301709229348,221.82073826999846,223.84103393554688,33080500
2021-03-10,226.92413561375264,226.92413561375264,222.17499959610404,222.53884887695312,29746800
2021-03-11,224.97088716934874,229.0018945134101,224.34851258579613,227.0486297607422,29907600
2021-03-12,224.0612036558826,225.7942648926475,223.31436604449044,225.72723388671875,22653700
2021-03-15,224.97084109024553,225.1910587051294,221.9547524417342,224.82720947265625,26034900
2021-03-16,226.2347458255093,229.854041015424,225.909204156804,227.6039581298828,28092200
2021-03-17,226.11025586249227,228.40823044727705,223.3143992028997,226.96241760253906,29562100
2021-03-18,222.6728724798709,224.23357884907625,220.53768345561124,220.91110229492188,34833000
2021-03-19,221.1983526613033,222.586704017824,219.59935327992318,220.5568389892578,46430700
2021-03-22,220.48027202322757,226.82839330995083,220.35579418679632,225.95709228515625,30127000
2021-03-23,227.39330671357888,230.8019538061581,226.99116443288878,227.47947692871094,31638400
2021-03-24,227.73800598232168,227.881623009937,225.31556804938333,225.44961547851562,25620100
2021-03-25,225.29639873083224,226.86667476830124,221.72498099263913,222.4622344970703,34061900
2021-03-26,221.70582606846494,226.64645599438444,221.70582606846494,226.4262237548828,25479900
2021-03-29,226.53158032328759,226.7326587860595,222.0218300204716,225.23898315429688,25227500
2021-03-30,223.60164152452802,223.908043971191,221.27495821173113,221.99307250976562,24792000
2021-03-31,223.00803456543431,228.93487436067073,222.51013782873864,225.74644470214844,43623500
2021-04-01,228.33162726205853,232.51583530133811,227.92948500151644,232.0466766357422,30338000
2021-04-05,232.4392400726803,239.333149299018,232.38179326413973,238.48098754882812,36910600
2021-04-06,237.08306201915883,238.7969551907756,236.38410146861867,237.3224334716797,22931900
2021-04-07,237.2745993768431,240.261950971943,236.68096274193906,239.27574157714844,22719800
2021-04-08,242.02370250858237,243.33545344847238,241.28643431291647,242.48329162597656,23625200
2021-04-09,242.11938435595957,245.10674942893144,241.70767255168053,244.9727020263672,24326800
2021-04-12,243.88123228080784,246.715396883333,243.7950474488846,245.03021240234375,27148700
2021-04-13,246.3228146667329,248.17075531097734,245.91107355136577,247.50050354003906,23837500
2021-04-14,246.53347828165147,247.82606086125276,244.31210399676016,244.72381591796875,23070900
2021-04-15,246.96434562701037,248.87931753907836,246.77286596789506,248.4676055908203,25627500
2021-04-16,248.43889525885467,249.9038476798962,246.64840110204327,249.65489196777344,24878600
2021-04-19,249.12820358261177,250.36336830219003,246.85896717650718,247.73983764648438,23209300
2021-04-20,246.8590078451978,249.13782883405526,245.92066119680084,247.28030395507812,19722900
2021-04-21,247.93138636220118,249.59740237748605,246.31323295097548,249.50164794921875,24030400
2021-04-22,249.14736906186104,250.65062876395623,244.77166660182715,246.23663330078125,25606200
2021-04-23,246.91647116846514,250.3921496973052,246.33238956883352,250.0474395751953,21462600
2021-04-26,250.5356822369883,251.2825198261504,249.10903806259762,250.4303436279297,19763300
2021-04-27,250.4591165703072,252.00068386501204,249.06119551820086,250.83255004882812,31014200
2021-04-28,245.192977920965,245.63344247617863,242.19605697041092,243.73760986328125,46903100
2021-04-29,244.59934473684103,245.21213510412278,238.41397963984036,241.77474975585938,40589000
2021-04-30,239.12248736573355,242.3204861426284,238.98843995023714,241.458740234375,30945100
2021-05-03,242.62691132381622,243.5365345797902,240.44384472962815,241.1523895263672,19626600
2021-05-04,240.30026043767865,240.53006233524917,235.31175199390108,237.2554473876953,32756100
2021-05-05,238.47140072187236,238.89269679330795,235.36915621416165,235.99151611328125,21901300
2021-05-06,235.97239302807878,239.23742339669937,234.28722313302063,239.11294555664062,26491100
2021-05-07,241.43001956995911,243.4886226435184,240.4916876508421,241.7268524169922,27032900
2021-05-10,240.2044660000965,241.02790440002454,236.61389413007436,236.6713409423828,29299900
2021-05-11,234.1531345029987,236.11598314057656,232.2573168782993,235.76170349121094,33641600
2021-05-12,231.87435509010888,233.9904053250569,227.9486717264203,228.83912658691406,36684400
2021-05-13,231.5200657402829,235.1585146453804,231.15621646675106,232.69776916503906,29624300
2021-05-14,235.13930632135117,238.58624558220583,235.05313612709563,237.60003662109375,23901100
2021-05-17,236.0681130601291,236.10640606144966,233.16693242516902,234.75634765625,24970200
2021-05-18,235.8000023827749,235.93404979350285,232.57326570799052,232.74562072753906,20168000
2021-05-19,229.6650298465588,233.42703939757578,228.98365334584912,233.32147216796875,25739800
2021-05-20,234.12761065425127,237.95679107071055,234.0316351278429,236.54603576660156,21800700
2021-05-21,237.59212984793598,238.3214941013183,234.87618630622384,235.28884887695312,21863100
2021-05-24,237.80323117996468,241.0374189124444,237.53451728413617,240.6727294921875,21411500
2021-05-25,241.62286264574047,242.56336139082663,240.71115363257866,241.5748748779297,17704300
2021-05-26,241.29653187433004,242.74568324908876,240.64394515378893,241.3541259765625,17771600
2021-05-27,241.04701456893127,241.34451819821592,239.20439869133438,239.26197814941406,24426200
2021-05-28,240.88387210484515,241.92034629984425,239.501906511513,239.6170654296875,18270200
2021-06-01,241.1045951554449,241.1621746137941,237.0067008356278,237.428955078125,23213300
2021-06-02,238.1295578675878,239.22361157042198,235.9318441224372,237.3330078125,19406700
2021-06-03,235.33684170241455,236.41169739236216,233.20631371426092,235.80709838867188,25307700
2021-06-04,237.77443238686539,241.50765170138789,237.53450822875004,240.68231201171875,25281100
2021-06-07,239.90498716685534,243.84934135732763,239.74184047817525,243.58062744140625,23079200
2021-06-08,244.87620533819828,245.69195336357788,242.33300038153834,242.39059448242188,22455000
2021-06-09,243.58064130243469,245.23132096206123,243.00483201146952,243.3695068359375,17937600
2021-06-10,244.0412580022731,247.08349466686664,243.44625075720447,246.8723602294922,24563600
2021-06-11,247.5921468031884,248.0719951619915,246.26776064687272,247.49620056152344,18999700
2021-06-14,247.50578718025523,249.4731830999678,246.45011489255833,249.4156036376953,19150500
2021-06-15,249.30041102216592,249.51154547597605,247.29464835477967,247.94723510742188,18038900
2021-06-16,248.94532119918156,250.07775629014873,244.16603567438125,247.00674438476562,27220000
2021-06-17,245.74953511426614,251.20060521072745,245.69195565665422,250.38485717773438,27565500
2021-06-18,249.1660721590066,251.72844608322075,248.3215343320705,248.97412109375,37202200
2021-06-21,249.34842044965174,252.8992809067008,247.52500245412696,252.045166015625,26696100
2021-06-22,252.13153511680653,255.07781121256852,251.8244251231669,254.80909729003906,24694100
2021-06-23,255.26970285306749,256.0758445254743,253.77257842036667,254.57872009277344,19518700
2021-06-24,255.43289021487416,257.05478006360823,254.77069711508946,255.9415283203125,21446900
2021-06-25,255.5000755623851,256.4789557010309,254.0893201724312,254.3388214111328,25611100
2021-06-28,255.46167788886962,258.06244785704735,255.1929639728323,257.88970947265625,19590000
2021-06-29,258.03363852255484,260.70159408895256,257.1795237173201,260.461669921875,19937800
2021-06-30,259.7803139253489,260.42329434263524,258.7342479891088,259.9818420410156,21656500
2021-07-01,258.7438697576123,260.88400440971776,258.7342927041009,260.6536865234375,16725300
2021-07-02,261.82442575900615,266.7956469721209,261.51731582698903,266.4597473144531,26458000
2021-07-06,266.8245350807856,268.1105254467081,263.2448550043804,266.4694519042969,31565600
2021-07-07,268.1393110275168,269.3773282430186,265.9799929781562,268.64794921875,23260000
2021-07-08,265.74001367275713,267.49627505663517,263.791830519067,266.23907470703125,24618600
2021-07-09,264.6076006127589,266.8436812511514,264.2237277535544,266.7381286621094,23916700
2021-07-12,267.9089660643457,268.4943670627255,265.432931883586,266.14312744140625,18931700
2021-07-13,266.33500707591065,271.4502066850758,266.21027111145844,269.65557861328125,26120100
2021-07-14,270.97034639354206,272.2275466221714,269.2428749057434,271.1239013671875,23113700
2021-07-15,270.634489804362,271.12394453030225,268.5519349217963,269.7035827636719,22604200
2021-07-16,270.7017436102099,272.6499273759891,268.19691917556315,269.4349365234375,26186800
2021-07-19,267.6882744273962,269.0702404361909,263.38885065570423,265.8456726074219,32935600
2021-07-20,266.82448300692533,269.6459937608424,265.12583032349374,268.0625,26259700
2021-07-21,267.6594129528652,270.173813707087,266.11431527092736,270.05865478515625,24364300
2021-07-22,272.40034572584136,274.87637995751953,271.99728945681113,274.607666015625,23384100
2021-07-23,275.78801102778897,278.30241146815854,274.9530796603886,277.9953308105469,22768100
2021-07-26,277.3523869804331,278.0145801435692,275.0875164942922,277.4003601074219,23176100
2021-07-27,277.76502450299625,277.9089731585834,271.54620828066527,274.99151611328125,33604100
2021-07-28,277.3426748633672,278.4559262885802,272.39063753919015,274.684326171875,33566900
2021-07-29,274.7035639775205,276.9876467259065,274.5500089966287,274.9530944824219,18168300
2021-07-30,273.67677665869513,275.1067156613807,272.46754919796103,273.42724609375,20944800
2021-08-02,274.8187321390319,275.2122112993794,272.3043314785068,273.3408203125,16267400
2021-08-03,273.91659864421985,275.6536470342406,272.55381667429816,275.5480651855469,17879000
2021-08-04,274.68438727940855,275.99916705627766,273.1776564498441,274.96270751953125,16191300
2021-08-05,275.317704605834,277.9568696740838,274.56914259434393,277.8512878417969,13900200
2021-08-06,276.8820984514025,277.83218879233317,276.02795434835366,277.7937927246094,16589300
2021-08-09,278.0721635231256,279.79960614575214,276.2103492828426,276.7093811035156,16117600
2021-08-10,277.16040859309794,277.5922838439448,273.70552373680465,274.8955383300781,18616600
2021-08-11,275.6345110192113,277.0260831007816,274.3389144756151,275.385009765625,13955900
2021-08-12,275.0778712144452,278.2832546943312,274.7995509694879,278.12969970703125,14561300
2021-08-13,277.81300703201526,281.0951532950036,277.64023937005385,281.04718017578125,18249000
2021-08-16,281.37344781790824,282.9377579581513,278.33119671669976,282.72662353515625,22507600
2021-08-17,280.60571955216835,281.6037829881996,279.34848998709674,281.26788330078125,20075300
2021-08-18,280.80642126360254,283.47948483534077,279.1044871600753,279.54681396484375,21813000
2021-08-19,277.5852791245708,286.0275472712108,277.5372141574895,285.3544616699219,29850500
2021-08-20,288.191023550766,294.07560799546314,286.59487330209095,292.65252685546875,40817600
2021-08-23,291.5852240575287,293.65251656215764,290.2390821482606,292.9313659667969,22830200
2021-08-24,293.2870454973741,293.892816520206,290.3832238228718,290.9793701171875,18175800
2021-08-25,292.59471346387596,292.8735664724447,288.86398709784237,290.392822265625,20006100
2021-08-26,289.4121138382239,290.7967251675743,287.4506055747187,287.585205078125,17666100
2021-08-27,287.48898771577944,289.29667599402853,285.41207114143054,288.19091796875,22605700
2021-08-30,289.53705863519326,292.5178193402861,289.4793689535972,291.91204833984375,16348100
2021-08-31,292.71018783230056,292.78709763966935,289.9024956924805,290.26788330078125,26285300
2021-09-01,291.2198217734967,293.45058787896966,289.8929000496603,290.2198181152344,18983800
2021-09-02,290.5756073825475,291.69096108011354,288.6332897832502,289.56597900390625,16285600
2021-09-03,289.41214289266503,290.96022807123313,288.71024177108217,289.556396484375,14747900
2021-09-07,289.4313599194175,289.5082697285104,286.7294517158089,288.6332702636719,17180400
2021-09-08,288.2487177517358,289.0467782166798,286.0275761245904,288.66217041015625,15046800
2021-09-09,289.2486932805111,290.5179253274323,285.57562599791714,285.8160095214844,19927000
2021-09-10,286.9410140892641,288.38331521441347,284.01794225939454,284.3352355957031,19633400
2021-09-13,286.1044051321014,287.0563436631931,282.76788126792405,285.5659484863281,23652900
2021-09-14,288.0371373862397,289.79676112846977,286.6333058908585,288.25830078125,21853400
2021-09-15,291.5948576961373,293.5756157110724,290.2102461632535,293.0948486328125,28356300
2021-09-16,292.0755692493566,293.5659351711585,289.19096732817496,293.4794006347656,19550800
2021-09-17,292.4697261505993,292.787019368745,288.00819558001365,288.3351135253906,41372500
2021-09-20,284.9313439067863,287.2294241436648,278.3833000222743,282.97943115234375,38278700
2021-09-21,284.316015013533,286.09485893371766,282.7583344959058,283.4602355957031,22364100
2021-09-22,285.3160036325235,288.6717480113228,283.18139690958066,287.0948181152344,26626300
2021-09-23,287.3544589280449,289.32559200827507,286.08522692976766,288.0371398925781,18604600
2021-09-24,286.7582613035244,288.26784720291187,285.50824964587054,287.8351745605469,14999000
2021-09-27,284.74874621384953,285.0660395820949,281.67182509968364,282.8545227050781,23571700
2021-09-28,278.6525686782069,279.59488265396965,271.87376505360436,272.6141357421875,43186200
2021-09-29,274.1333463335849,275.73909166392633,272.1237438163445,273.0756530761719,26353700
2021-09-30,274.71981454324316,276.7582615099041,270.7871448115844,271.07562255859375,32343600
2021-10-01,271.26797413672585,278.8256468235506,270.4699138080857,277.9794921875,30086300
2021-10-04,276.3448682644361,276.6814110362589,269.4699059701531,272.2198791503906,31350700
2021-10-05,273.12371126636924,279.22945781834716,273.12371126636924,277.6525573730469,24993000
2021-10-06,274.78720381326485,282.33525208926756,274.5276001795463,281.8352355957031,28002600
2021-10-07,283.82562463617745,285.229485530052,282.6141116407885,283.5083312988281,20430500
2021-10-08,284.82562830246127,285.229485530052,282.46026266569163,283.5083312988281,17685700
2021-10-11,281.6525327868535,286.5082674148435,281.4890591068928,282.9121398925781,19298600
2021-10-12,283.97950161218665,284.07566089906516,281.1045237997955,281.6141357421875,17974100
2021-10-13,283.5659677751689,285.8447984376841,282.20057671725624,284.912109375,23416300
2021-10-14,287.7005622674281,291.60438772035315,286.37364073387175,291.1044006347656,27262900
2021-10-15,290.71014559366176,292.7389973101157,288.96014691464524,292.5082092285156,25384800
2021-10-18,291.8928498378823,296.3543518258326,291.0466953202489,295.4697570800781,22729300
2021-10-19,296.48909767899323,297.40253762821436,295.40255926016323,296.37371826171875,17682100
2021-10-20,297.3159240470741,297.787095667317,294.3351627369978,295.5851745605469,16537100
2021-10-21,295.3544316768825,299.0563143524255,294.5755620879851,298.80633544921875,16918100
2021-10-22,298.4601455444869,299.1236063471209,295.96015129406624,297.2678527832031,17449300
2021-10-25,297.4602563768454,297.49872596759155,294.6718125935965,296.277587890625,17554500
2021-10-26,299.03705370094167,300.3831953408259,296.7293781263278,298.1812744140625,28107300
2021-10-27,303.8447410132644,313.55624018654,303.8447410132644,310.73895263671875,52588700
2021-10-28,311.854316213441,312.37355280117015,308.9985589964651,311.8735656738281,26297900
2021-10-29,311.6620413582326,319.2293097590361,311.4408779594298,318.8639221191406,34766000
2021-11-01,318.61388266615893,318.73888677742633,313.81583753903345,316.700439453125,27073200
2021-11-02,317.60429349098206,320.62352433879016,317.30622029819705,320.3158264160156,26487100
2021-11-03,321.05615397648955,322.0176878484429,317.9311688926411,321.1523132324219,21500100
2021-11-04,320.08504044542997,323.59463338175044,316.83505110356475,323.49847412109375,23992200
2021-11-05,325.4888877422965,325.75811609186775,321.556217155061,323.13311767578125,22570100
2021-11-08,324.325478043448,324.66202088646315,321.57550428148005,324.02740478515625,20897000
2021-11-09,324.14263606886954,325.69072070181716,321.6618918462256,323.02728271484375,21307400
2021-11-10,321.70050318931953,321.7581928936182,317.2293750440023,318.07550048828125,25500900
2021-11-11,318.5080668518854,320.9311214307009,317.796541239689,319.6426696777344,16849800
2021-11-12,321.07538671393917,324.2580613168727,320.9503826221052,323.7676696777344,23831000
2021-11-15,324.5561561818509,324.88307418193443,321.18116285112575,323.1427001953125,16723000
2021-11-16,322.7677173822912,327.5657918667416,322.60427303916015,326.4504089355469,20886800
2021-11-17,326.49861134342495,329.6293143564149,325.59311335095464,326.6719970703125,19053400
2021-11-18,325.7664394516795,329.87971962558396,324.7453511615108,328.7430114746094,22463500
2021-11-19,330.06278336471644,332.43247631359634,329.6389320213559,330.5155029296875,21963400
2021-11-22,331.9701093321085,336.83475779834544,327.08620558426253,327.3559265136719,31031100
2021-11-23,324.6778802533964,326.98980687418253,321.31599723176595,325.2847595214844,30427600
2021-11-24,323.9361449609553,325.7471403709016,321.65314542299626,325.5063171386719,21661300
2021-11-26,322.07705238453224,325.5256287318422,316.0757258160542,317.5784606933594,24217200
2021-11-29,322.64540869619697,326.585274135935,322.4527383080336,324.27337646484375,28563500
2021-11-30,323.0115272044594,325.38122057037424,316.9138639491805,318.45513916015625,42885600
2021-12-01,322.82848542960454,326.8261467091806,317.29919134448687,317.9638366699219,33337600
2021-12-02,318.1756812750894,321.2485884430419,315.76744866054173,317.3954162597656,30766000
2021-12-03,319.8036737217345,320.48763300351385,306.3561099885442,311.1533203125,41779300
2021-12-06,312.05875546742715,315.4302807120009,307.51201167599294,314.2165222167969,30032600
2021-12-07,319.46652904482426,323.4738023613807,317.9830494801912,322.6261291503906,31021900
2021-12-08,323.0017714613644,323.1847994820111,318.6573106513333,322.67425537109375,24761000
2021-12-09,322.1348670016077,324.13850382611764,319.92891744874584,320.8729553222656,22214200
2021-12-10,322.6839669365227,330.4095678226741,322.5009388766094,329.9664611816406,38095700
2021-12-13,328.17472556559255,331.17058275210826,326.6334505414845,326.94171142578125,28899400
2021-12-14,320.98847186636954,322.35636076418,312.2128579722413,316.28759765625,44438700
2021-12-15,316.54772931653724,322.8862143337398,312.5886088133381,322.36602783203125,35381100
2021-12-16,323.3870399702623,324.3985151184715,311.1628511430111,312.9738464355469,35034800
2021-12-17,309.101507137352,312.993219650069,305.6047483392989,311.914306640625,47750300
2021-12-20,308.30189894992657,310.9509545801387,305.912951232269,308.16705322265625,28326500
2021-12-21,311.4231023950883,315.7001270429204,308.0611887532522,315.2762756347656,24740600
2021-12-22,316.2491091479911,321.3641930953662,313.7927235316347,320.9692687988281,24831500
2021-12-23,320.5357502177873,324.0421508973986,320.5164949405719,322.404541015625,19617800
2021-12-27,323.14632143413695,329.908658361648,323.1174238146764,329.8797607421875,19947000
2021-12-28,330.55406718206604,331.18984424383433,327.827960266222,328.72381591796875,15661500
2021-12-29,328.7719682057402,331.6618479007126,327.21143787403537,329.39813232421875,15042000
2021-12-30,329.3595803926416,330.53479926844375,326.38300794269304,326.8646545410156,15994500
2021-12-31,326.0843763307589,326.9031519971822,323.52201300272316,323.9747619628906,18000800
2022-01-03,323.0403535774783,325.59307446526094,317.67480384527,322.4623718261719,28865100
2022-01-04,322.5393874417457,322.89583055126775,314.1491135080895,316.93304443359375,32674300
2022-01-05,313.89872484330033,314.10103759223983,304.381412211663,304.7667236328125,40054300
2022-01-06,301.6551839949287,307.00147755160896,300.0561141565579,302.3583984375,39646100
2022-01-07,302.61852137240913,304.88226603603744,298.7075537396608,302.5125732421875,32720000
2022-01-10,298.1295306229004,303.16756341784094,293.5057361453158,302.73406982421875,44289500
2022-01-11,301.87678551872176,304.98820330544083,298.5149021278563,303.4180603027344,29386800
2022-01-12,307.9359447652065,311.5386518627093,305.4409895513784,306.5873107910156,34372200
2022-01-13,308.70657273811673,309.1015264774925,292.8411325706475,293.61175537109375,45366000
2022-01-14,293.0819018422109,299.41074404993253,292.6002553313774,298.8135070800781,39846400
2022-01-18,292.90853854423693,298.42818916600646,290.66404916965183,291.5406494140625,42333200
2022-01-19,295.0470782257124,302.3873676008085,291.58885921501854,292.1957092285156,45933900
2022-01-20,297.725037240553,300.21032076889657,290.0861291978272,290.52923583984375,35380700
2022-01-21,291.5792015826187,292.94706137271686,284.7590697196657,285.1636657714844,57984400
2022-01-24,281.4742645277423,286.20400792942536,265.9170569502406,285.4911804199219,85731500
2022-01-25,280.8191672649652,284.16179518047517,274.70228017866594,277.900390625,72848600
2022-01-26,296.68460867157836,297.1758975203426,282.2737532824066,285.81866455078125,90428900
2022-01-27,291.5502640782282,296.01992832954136,286.9938775868818,288.8337707519531,53481300
2022-01-28,289.2095498959442,297.15671939709773,283.6417159546675,296.9447937011719,49743700
2022-01-31,297.6094876295266,300.9135767134534,295.1241743625076,299.5649719238281,46444500
2022-02-01,299.01581936187534,299.2277450230752,293.9296328904505,297.4263916015625,40950400
2022-02-02,298.26445765509385,303.5529275513087,297.54198780490606,301.953857421875,36636000
2022-02-03,298.12960422865086,299.8057543934319,288.94942117258597,290.19207763671875,43730000
2022-02-04,289.1901897878569,297.4648733158477,288.95900886982764,294.7098693847656,35096500
2022-02-07,294.9314984801919,296.54018169712276,288.8916311687313,289.9031066894531,28533300
2022-02-08,290.1920562811641,294.34384733210226,288.9397869673649,293.38055419921875,32421200
2022-02-09,298.4955679871646,300.4799490211271,296.1066203953312,299.786376953125,31284700
2022-02-10,292.8796487217257,297.77316484125447,289.66225322547234,291.28057861328125,45386200
2022-02-11,292.06088670264677,293.1205151712114,283.420144959361,284.2100524902344,39175600
2022-02-14,282.9865867276755,285.866852917156,280.65543402557785,284.17144775390625,36359500
2022-02-15,288.99759771206277,289.75857816176847,286.11733109996294,289.4407043457031,27058300
2022-02-16,288.0120979274478,290.42531057148676,283.4849086505779,289.1028747558594,29982100
2022-02-17,286.0718280004565,286.49655572673316,279.93262997944396,280.6372985839844,32461600
2022-02-18,282.876732815773,283.65861124098427,276.37072190934305,277.9344787597656,34264000
2022-02-22,275.10614436197505,281.4191146598271,274.62350200344525,277.7317199707031,41736100
2022-02-23,280.10638276693766,281.5736347601143,270.37632332672223,270.5404052734375,37811200
2022-02-24,263.0498878535479,284.9135924546305,262.09423544284215,284.3633728027344,56989700
2022-02-25,284.8942092758671,287.2977593325136,281.52534482802724,286.9888610839844,32546700
2022-02-28,284.0930837375595,288.75542773178836,282.82856248718815,288.4175720214844,34627500
2022-03-01,286.1104609698699,289.55653540384833,282.0079998222269,284.7108154296875,31217800
2022-03-02,285.10651756719705,291.00442328606925,283.504170648304,289.76885986328125,31873000
2022-03-03,292.37513104919077,292.6067899776218,283.8419873820218,285.6470947265625,27314500
2022-03-04,284.0736891436429,285.39612468595874,277.20086566715224,279.7974548339844,32356500
2022-03-07,278.5136040383842,279.63333786848386,268.8607566666478,269.2275695800781,43157200
2022-03-08,268.1561220285429,274.1022802945537,260.6269119121218,266.2738342285156,48159500
2022-03-09,273.6003711570887,279.5465300399745,271.03270963096804,278.4847106933594,35204500
2022-03-10,273.1949611124185,276.6506980483507,270.83966326078166,275.6757507324219,30628000
2022-03-11,277.9634964296521,279.459706048747,269.72961548927185,270.347412109375,27209300
2022-03-14,270.60798934145595,275.49232901217977,266.2449118112666,266.8433837890625,30660700
2022-03-15,270.61762363193617,277.82830290735563,269.053866830209,277.1815490722656,34245100
2022-03-16,279.0735246270153,284.34400179367987,273.3687163552092,284.1702575683594,37826300
2022-03-17,283.10847290668306,285.34791193212243,279.32454238410753,284.9714660644531,30816600
2022-03-18,285.11611983453963,290.5506770792596,282.5677836993247,290.0004577636719,43390600
2022-03-21,288.51398088334355,289.7205868535309,284.6624745949612,288.77459716796875,28351200
2022-03-22,289.39242369934766,294.4119173522232,288.39818135350095,293.5045471191406,27599700
2022-03-23,290.07771839086337,292.7032939872879,287.3845657946049,289.0931091308594,25715400
2022-03-24,288.7553468713274,293.6396862396896,287.96380616213776,293.54315185546875,24484500
2022-03-25,294.6339351738191,294.8945515047454,288.9001402281707,293.1377258300781,22566500
2022-03-28,293.7651722801995,300.01056743386323,293.7651722801995,299.9140625,29578200
2022-03-29,303.01255254853436,304.8562500359702,298.32125314184253,304.4604797363281,30393400
2022-03-30,302.8678810369213,304.9818578926393,300.7635370012448,302.9643859863281,28163600
2022-03-31,303.0029338565664,304.19990720218783,297.20159145457893,297.60699462890625,33422100
2022-04-01,298.6301543643232,299.3637802401649,294.933126535701,298.6784362792969,27110500
2022-04-04,299.32520192359516,304.1709216917822,298.9583889350334,304.0357971191406,24289600
2022-04-05,302.3948148545048,303.9392767129868,299.1128518165804,300.0877990722656,23156700
2022-04-06,294.5953490903449,296.34251268797607,286.4097211968266,289.1028747558594,40110400
2022-04-07,286.361384397438,293.10871553655596,286.0621484743513,290.9078674316406,31411200
2022-04-08,290.0102459043335,290.6666326754491,285.99465651807475,286.66070556640625,24361900
2022-04-11,281.6605181173394,282.452029428348,275.10622472559214,275.3572082519531,34569300
2022-04-12,279.1989565504998,280.6468837008444,270.7527148401565,272.2682189941406,30966700
2022-04-13,272.91505579561334,278.56194983374326,271.5346757707154,277.6352844238281,21907200
2022-04-14,278.0888615148956,278.3012253240348,269.62332542786766,270.1156005859375,28221600
2022-04-18,269.2276132247998,272.65436281401867,268.67739376545774,270.7817077636719,20778000
2022-04-19,269.6813419887161,276.2356357266572,268.74501431186735,275.39581298828125,22297700
2022-04-20,279.35345023812204,279.6430533893089,275.4633531849248,276.4189758300781,22906700
2022-04-21,278.56192980216474,283.11807613900845,270.33771228198214,271.0616760253906,29454600
2022-04-22,271.901421279217,273.3686730601937,263.8895690490661,264.5169982910156,29405800
2022-04-25,263.8027620781208,271.3512688528921,261.3702248757031,270.9748229980469,35678900
2022-04-26,267.86656753140664,268.6966984296061,260.6269305710984,260.83929443359375,46518400
2022-04-27,272.30682528051807,280.86889602974276,269.468885848349,273.387939453125,63477700
2022-04-28,275.28963271284965,280.8786411356231,271.689109042136,279.57550048828125,33646600
2022-04-29,278.5908389029638,279.8167694826113,266.9012538247318,267.8858337402344,37073900
2022-05-02,268.06926895596354,275.0482895864189,266.63100384066234,274.5946044921875,35151100
2022-05-03,274.10229991297473,274.26641131232816,270.42456669386183,271.99798583984375,25978600
2022-05-04,272.77983068105766,280.7820499971457,267.1232758393873,279.9132995605469,33599300
2022-05-05,275.6274568786791,276.40933528615983,264.816254282709,267.7217712402344,43260400
2022-05-06,265.26998938550594,269.5558574797056,261.85287196809537,265.1927795410156,37780300
2022-05-09,260.68480600302837,262.90494921949755,254.17879599564424,255.39503479003906,47726000
2022-05-10,262.258232684761,264.24671703897735,255.86805194857527,260.1442565917969,39336400
2022-05-11,256.4569218413572,261.93973378756925,250.2983985852397,251.5050048828125,48975900
2022-05-12,248.74429806988636,250.85827461107095,241.3405637664361,246.48553466796875,51033800
2022-05-13,248.4160775334941,253.90855102922657,246.4855077130794,252.05519104003906,34925100
2022-05-16,250.9354501012321,256.5920348375694,246.9005663575993,252.4219970703125,32550900
2022-05-17,256.8719081186117,259.01484142054807,253.34862470791003,257.5572814941406,28828800
2022-05-18,254.46121977706724,255.0417455754485,244.56335973469547,245.83082580566406,31356000
2022-05-19,245.65667612599017,249.30429522500646,243.70226967132928,244.92135620117188,32692300
2022-05-20,248.88823202551862,250.14604290717048,238.43888522978867,244.3601837158203,39199300
2022-05-23,247.19508522720383,253.00995497705824,245.20195425137902,252.1875457763672,33175400
2022-05-24,249.5171198981205,252.84540652501488,245.2696355087697,251.19093322753906,29043900
2022-05-25,249.75902519728396,255.98991161054977,248.78180725280606,253.99679565429688,28547900
2022-05-26,253.75487915760345,258.43773551666885,252.94215494918038,257.26702880859375,25002100
2022-05-27,259.7633662320339,264.46556417266396,258.8732225521041,264.3688049316406,26910800
2022-05-31,263.6818188562503,265.8490837513658,260.1986934699792,263.0432434082031,37827700
2022-06-01,266.26511923779674,268.674267192914,261.27264493032675,263.57537841796875,25292200
2022-06-02,255.86419557770878,265.73301762123407,253.10671973952768,265.665283203125,44008200
2022-06-03,261.53391933554974,264.5719880166716,259.69561200341536,261.2533264160156,28059000
2022-06-06,263.2270994161104,265.27826522689224,258.5442419264379,260.0245666503906,22400300
2022-06-07,257.9830710374571,264.26235216439045,257.30578597515415,263.6528015136719,22860700
2022-06-08,262.88842705123176,264.13655309709793,260.85660150666956,261.6306457519531,17372300
2022-06-09,259.08602995149107,263.8559613723618,256.0383063846379,256.193115234375,26439700
2022-06-10,252.11980426463842,252.11980426463842,244.33117332105226,244.7762451171875,31422800
2022-06-13,237.15206786424903,240.93512629318718,233.6882971691395,234.39459228515625,46135800
2022-06-14,235.9426496695378,237.76161683238632,233.66894071597716,236.5522003173828,28651500
2022-06-15,240.2481344636705,247.0111959438157,238.41949755027613,243.58612060546875,33111700
2022-06-16,237.99383539165407,239.38708569637893,235.12994511050752,237.01663208007812,33169200
2022-06-17,236.75535358790026,242.3670486857971,236.10710816342058,239.6095733642578,43084800
2022-06-21,242.13486575130284,246.47909535720655,241.40921581403924,245.50189208984375,29928300
2022-06-22,243.7119356534914,248.82052450027996,242.24128106481916,244.91168212890625,25939900
2022-06-23,247.27247956979176,250.9490941058249,245.39546270431345,250.4556427001953,25861400
2022-06-24,253.30985203926372,259.2795445759663,253.22277759883846,259.0086364746094,33923200
2022-06-27,259.5021360954201,259.58921056194794,254.73220331491711,256.2899475097656,24615100
2022-06-28,255.40940681520112,258.2442718055391,247.99809948086303,248.1529083251953,27295500
2022-06-29,249.22685422747804,253.46465404099425,247.45626683639776,251.8101806640625,20069800
2022-06-30,248.70440512266876,251.1038981642681,244.6891481209095,248.49154663085938,31730900
2022-07-01,248.06584848912598,251.33608586530872,246.3436258304713,251.15225219726562,22837700
2022-07-05,247.84327202741883,254.4418545786392,246.46937685474163,254.31607055664062,22941000
2022-07-06,255.18686285339652,259.2891938730712,253.88068722348527,257.5669860839844,23824400
2022-07-07,256.5124052718838,260.32448856109585,256.4156460435075,259.6859130859375,20859900
2022-07-08,256.1930642415837,259.3955960207404,254.7417647817811,258.9698791503906,19658800
2022-07-11,257.0251218655849,257.8765555845532,253.66778135319444,255.92214965820312,19455200
2022-07-12,257.2476978512468,257.3057474734128,243.8570289175313,245.43411254882812,35868500
2022-07-13,242.06711128352157,245.31802312540924,240.05464064203076,244.5149688720703,29497400
2022-07-14,242.43478974627138,246.85640858787121,237.95510651412596,245.83082580566406,25102800
2022-07-15,247.41762900522784,251.9166531694112,246.49847527703187,248.38516235351562,29774100
2022-07-18,251.31671696215605,252.37132447376123,245.07613156293314,245.9952850341797,20975000
2022-07-19,249.21722578060667,251.287761309825,245.44385164398503,251.1039276123047,25012600
2022-07-20,251.4619400508237,256.27058252239965,250.50409137512708,253.75498962402344,22788300
2022-07-21,251.35542487841855,256.2898494477531,248.68502415287526,256.241455078125,22404700
2022-07-22,256.6284413353328,256.7155157613963,250.65877931001037,251.90687561035156,21881300
2022-07-25,252.52614987417672,253.00991644481692,248.47218365007052,250.4265899658203,21056000
2022-07-26,251.42315927857734,251.44252883940965,241.46726406430727,243.7216033935547,39348000
2022-07-27,252.68097341491003,261.28232818719346,250.4459740907152,260.0148620605469,45994000
2022-07-28,260.99207747518795,268.81941742326114,259.17311035737987,267.43585205078125,33459300
2022-07-29,268.6839646557535,272.8443453449876,267.64869711004144,271.625244140625,32152800
2022-08-01,268.799992074071,272.1476475746915,266.8842663401412,268.98382568359375,21539600
2022-08-02,267.0391429404589,268.8677947225736,263.53667774646465,265.8974609375,22754200
2022-08-03,267.7744965070368,274.29566079302055,267.6293429063653,273.2991027832031,23518900
2022-08-04,272.6508838288538,274.5859505118883,271.07382928467115,274.4408264160156,18098700
2022-08-05,270.08685858100347,274.4407575248996,269.63211684357026,273.72479248046875,16774600
2022-08-08,274.8277823787597,276.63709419104765,270.25136942756865,271.2189025878906,18739200
2022-08-09,270.5608797651212,273.88916535131796,268.59675988334396,273.1344909667969,23405200
2022-08-10,278.81406317438757,280.400802313646,277.6239866748656,279.77191162109375,24687800
2022-08-11,281.4069925671231,281.7552902911237,277.20790268722305,277.7013244628906,20065900
2022-08-12,279.1139854304459,282.4326171875,277.62397604955174,282.4326171875,22619700
2022-08-15,281.55217775836655,284.62892642888846,280.6910589868737,283.9419860839844,18085700
2022-08-16,282.5099789943521,284.49343955539996,280.99097447536275,283.20660400390625,18102900
2022-08-17,280.9280886741136,284.42831264174936,280.6663108728771,282.4600524902344,18253400
2022-08-18,281.36441282325103,283.0321034033775,280.2881560238518,281.34503173828125,17186200
2022-08-19,280.1136602196925,280.45302156557796,276.87524340040335,277.4472961425781,20570000
2022-08-22,273.50100121683664,273.86944889431794,268.7888240939447,269.3027038574219,25061100
2022-08-23,268.0325927734375,270.3789763942887,267.0242141584032,268.0325927734375,17527400
2022-08-24,267.0339265183886,268.79858174374715,266.74303270034477,267.4023742675781,18137000
2022-08-25,268.89553264663925,270.53413693993167,266.1709957164904,270.36932373046875,16583400
2022-08-26,270.5922729736932,271.8139618186625,259.8298830917029,259.9365234375,27549300
2022-08-29,257.7646828438369,259.2675307004995,255.82550904713992,257.1635437011719,20338500
2022-08-30,258.559742764077,258.92816091829354,252.73251622654692,254.97225952148438,22767100
2022-08-31,257.3186614112336,258.986322342565,253.38211168370708,253.5178680419922,24791800
2022-09-01,250.99700170684267,252.95558653821138,247.64223870789885,252.48046875,23263400
2022-09-02,253.74089939007345,256.68842221316766,246.7307755662362,248.2724151611328,22855400
2022-09-06,248.408159830305,249.98856152174304,244.27771043015858,245.54786682128906,21328200
2022-09-07,246.95377791469627,250.95816170983366,245.51879346007277,250.2406768798828,24126700
2022-09-08,249.67831493374948,252.50949191714798,247.041022768642,250.65757751464844,20319900
2022-09-09,252.57737549512018,257.1635319672501,252.37377054080144,256.41693115234375,22084700
2022-09-12,257.6968083589195,259.316031521762,257.09566920762467,258.54034423828125,18747700
2022-09-13,250.96783227417103,252.48038524578442,243.9383282959198,244.326171875,33353300
2022-09-14,245.8193660691324,246.49807394155667,242.26098391432333,244.54920959472656,23913000
2022-09-15,242.1737221928397,243.75413876662034,236.59859756302296,237.917236328125,31530900
2022-09-16,236.8312795525679,237.83965816543386,234.69819143342704,237.29669189453125,39791800
2022-09-19,235.09570294714337,237.68449782170777,233.5249771298103,237.08335876464844,26826900
2022-09-20,234.70786105738728,236.10405348666853,232.35175766820703,235.0762939453125,26660300
2022-09-21,236.84097880590735,240.12787756364517,231.634287475008,231.68276977539062,28625600
2022-09-22,230.63558571998684,236.44341543260455,230.34472154308168,233.6510009765625,31061200
2022-09-23,232.2548385862269,233.79649299504186,228.0468350078117,230.68411254882812,34176000
2022-09-26,229.84054950120728,234.1067254216907,229.69510260715796,230.22837829589844,27694200
2022-09-27,232.6814336251009,234.44608868363423,227.36810216062796,229.2200164794922,27018700
2022-09-28,229.60787725874428,234.96000122532365,227.5911346801097,233.7383270263672,29029700
2022-09-29,231.6245958212714,232.652355487679,227.28085099175377,230.27687072753906,27484200
2022-09-30,231.04281379026585,233.22438391773605,225.6519139757613,225.81674194335938,35694800
2022-10-03,228.25045038719026,234.26188606885609,227.52326022905194,233.41835021972656,28880400
2022-10-04,237.6360484007584,242.74577547683293,237.52939325058418,241.310791015625,34888400
2022-10-05,238.50866730601555,242.95906726147314,236.67614880702004,241.62103271484375,20347100
2022-10-06,240.38966069294162,242.72636855289312,238.59593389672287,239.28433227539062,20239900
2022-10-07,233.5735120517378,233.98075162795365,226.0786083739815,227.11607360839844,37769600
2022-10-10,225.96220374690327,227.42627446967683,219.83440814949287,222.27777099609375,29743600
2022-10-11,220.69732857690988,222.09353584683348,217.2940844525108,218.55455017089844,30474000
2022-10-12,218.54485501658382,220.9300450129457,217.14866247633316,218.88421630859375,21903900
2022-10-13,213.1637166925787,228.91950609484704,212.46561284010025,227.11607360839844,42551800
2022-10-14,228.3764766144597,230.02478606979594,221.3954543611521,221.6087646484375,30198600
2022-10-17,228.64795366917255,231.6924554615013,227.98862698827506,230.30593872070312,28142300
2022-10-18,235.84230688122926,236.5113093692739,228.21164843552518,231.2464599609375,26329600
2022-10-19,229.83083853160068,232.32268360031256,227.16447494797129,229.28787231445312,19985700
2022-10-20,228.59950832135635,233.97101325567382,227.72687123159972,228.9679412841797,21811000
2022-10-21,227.60083683054654,235.60961938988035,227.3681306457899,234.75637817382812,26299700
2022-10-24,236.346468231669,240.30238407052286,233.96129303725664,239.73033142089844,24911200
2022-10-25,239.74001722910089,243.40505400256714,238.35351526216095,243.03662109375,34775500
2022-10-26,224.139388912023,231.05254784281726,223.06314692358666,224.2848358154297,82543200
2022-10-27,224.01334192609988,226.58275598538947,218.91332036173824,219.85382080078125,40424600
2022-10-28,219.3593305055409,229.40425069094275,219.17510664004706,228.69644165039062,40647700
2022-10-31,226.65059150006238,227.77531567159568,224.11996951147225,225.07017517089844,28357300
2022-11-01,227.46508792727667,228.57041637850017,220.41618716835114,221.2306365966797,30592300
2022-11-02,222.48140020209192,224.2654364159978,213.34787925724922,213.40606689453125,38407000
2022-11-03,213.3963461317135,213.7066209959051,207.47217044537365,207.7339630126953,36633900
2022-11-04,210.93360492641042,214.85072897039285,206.93889737068497,214.6568145751953,36789100
2022-11-07,215.23861235404937,221.46335879760886,214.55019910987951,220.9397735595703,33498000
2022-11-08,221.7444890427756,224.60476702569903,218.97147031751535,221.90931701660156,28192500
2022-11-09,220.4549339719257,221.67662274199262,217.50739677017623,217.68191528320312,27852900
2022-11-10,228.2698410290553,235.92958655895382,227.8529257557349,235.59022521972656,46268000
2022-11-11,235.59994145666624,240.4478762714851,234.57216684835737,239.59463500976562,34620200
2022-11-14,234.63032541196574,236.491930374749,231.9348751725974,234.20370483398438,31123300
2022-11-15,238.18875571639464,239.48799879882046,232.72997594873328,234.61097717285156,31390100
2022-11-16,236.06938283193108,237.05143476413045,233.76499097023776,235.03872680664062,24093300
2022-11-17,231.19805810189396,236.51664531080124,231.05221615651442,234.99009704589844,23123500
2022-11-18,236.76948200355858,236.99312613856966,232.41349542511938,234.54287719726562,27613500
2022-11-21,234.74705121223045,237.8973712159803,234.51370406585946,235.3498992919922,26394700
2022-11-22,236.8472486173572,238.51963895713513,234.04697919434565,238.2473907470703,19665700
2022-11-23,238.32520706999225,241.40745776618633,237.5084623404124,240.72683715820312,19508500
2022-11-25,240.46430280009824,241.81582614094168,239.90035578095558,240.6393280029297,9200800
2022-11-28,239.26837457779106,239.8225889552407,234.13452901417463,235.0679473876953,24778200
2022-11-29,234.71786413074798,236.06938731272962,231.61617814466862,233.677490234375,17956300
2022-11-30,233.9108607052224,248.2622882065125,233.22050747543122,248.07754516601562,47594200
2022-12-01,246.8427360888652,249.03045486966704,243.97439665465294,247.64004516601562,26041500
2022-12-02,242.90480403425175,248.9720667058495,242.778397783122,247.9608612060547,21528500
2022-12-05,245.0341875954859,246.79409803519974,241.19352923147437,243.2742919921875,23435300
2022-12-06,243.87711611749123,244.8883215875388,237.03198043755035,238.3348846435547,22463700
2022-12-07,238.0529558163032,239.3461423733255,235.50548378588942,237.60568237304688,20481500
2022-12-08,238.06262309985686,241.85467678187274,236.3318961563343,240.5517578125,22611800
2022-12-09,237.92651587196235,241.43658893378702,237.40147000859437,238.6265869140625,20609700
2022-12-12,240.600391751391,245.5494930971703,240.32814355248385,245.52032470703125,30665100
2022-12-13,254.44624097086364,256.61452370043395,246.0648533202343,249.80828857421875,42196900
2022-12-14,250.01247040825905,255.32132556389985,247.27052281634482,250.0999755859375,35410900
2022-12-15,246.69686389132764,247.16357301987648,240.49346176051932,242.1172332763672,35560400
2022-12-16,241.6699621291789,242.92424748334844,236.7694646066407,237.91680908203125,86102000
2022-12-19,238.08212143380248,238.42243914772908,232.1023632453267,233.794189453125,29696400
2022-12-20,232.7732513908985,236.18610187706696,231.8203825618914,235.10682678222656,25150800
2022-12-21,234.9998409670087,238.82104848275608,233.4635747777796,237.6639862060547,23690600
2022-12-22,234.5817687693653,235.2915726004728,227.39632912956154,231.5967559814453,28651700
2022-12-23,229.57432368977197,232.25791977065128,227.46439246807083,232.12179565429688,21207000
2022-12-27,232.09261343652005,232.3162427208361,229.30206179925912,230.40078735351562,16688600
2022-12-28,230.33271426152407,233.08437961165026,227.6880046259404,228.0380401611328,17457100
2022-12-29,229.12702186965714,235.22346762933782,229.12702186965714,234.33865356445312,19770700
2022-12-30,231.61617551843796,233.31773420922855,230.10907771074054,233.18161010742188,21938500
2023-01-03,236.35137496373926,238.9474656895386,230.82859367762717,232.94825744628906,25740000
2023-01-04,225.8503455985308,226.42401047503648,219.7052947992431,222.7583770751953,50623400
2023-01-05,220.9109676292611,221.25128535832076,215.62154764960167,216.1563262939453,39585600
2023-01-06,216.82719680304174,219.51079264209568,213.27823740876858,218.70376586914062,43613600
2023-01-09,220.18169301907503,224.8391105735464,220.14280677677522,220.83314514160156,27369800
2023-01-10,221.4554195666482,224.90715575496424,221.03732942473408,222.5152587890625,27033900
2023-01-11,224.88772743214392,229.41873899259986,224.71271707723938,229.2437286376953,28669300
2023-01-12,228.74781470305837,233.25937529724501,227.09487499383394,231.90785217285156,27269500
2023-01-13,230.4396576846913,232.7440495138857,228.41723190438844,232.60792541503906,21333300
2023-01-17,231.38285076871398,234.2414722028024,230.52720494179857,233.6969757080078,29831300
2023-01-18,234.88320786751135,235.67078421870966,229.00067244788087,229.2826385498047,30028700
2023-01-19,227.3088064182575,229.00064735365646,224.29461063179636,225.510009765625,28623000
2023-01-20,228.35890938614477,234.07615156759218,228.0185916995672,233.57054138183594,35389800
2023-01-23,234.42616036561182,238.38349171552287,233.01628568468104,235.8651885986328,31934000
2023-01-24,235.78742231675506,237.19728228703622,233.78444699997308,235.34014892578125,40234400
2023-01-25,227.9894454823822,236.56530958865662,224.5085403000208,233.94976806640625,66526600
2023-01-26,236.90558287687787,241.43659421049372,235.30126202491022,241.1351776123047,33454500
2023-01-27,242.0977830088241,242.9145276437586,239.99756980206558,241.29075622558594,26498900
2023-01-30,237.7417704170005,238.80160965707887,235.49571536167772,235.99160766601562,25867400
2023-01-31,236.7111417707159,241.08657882687118,236.22498209780977,240.95045471191406,26541100
2023-02-01,241.1352210643855,248.1164675204951,238.67525406866622,245.7537384033203,31259900
2023-02-02,251.65572121722164,257.36323150604915,250.12917259535388,257.2757263183594,39940400
2023-02-03,252.35573164703223,256.8867426469256,249.98327044240432,251.19866943359375,29077300
2023-02-06,250.31389683270552,251.15007723406973,247.72752379068612,249.6624298095703,22518000
2023-02-07,253.31840354990376,261.3303069054437,252.8808478964387,260.15380859375,50841400
2023-02-08,265.63758534134274,269.0990389029527,258.84105477373936,259.3466796875,54686000
2023-02-09,266.22098682274134,266.39602683122865,255.5254755531628,256.3227844238281,42375100
2023-02-10,254.29068170390744,256.7798168982394,253.4447686061317,255.81723022460938,25818500
2023-02-13,260.23150409956196,266.99883688144894,259.7550475521796,263.80963134765625,44630900
2023-02-14,265.1223596801926,267.35868256455376,261.82618247447147,264.6361999511719,37047900
2023-02-15,261.54624119639954,263.89540406867326,259.4602514374333,262.52099609375,28922400
2023-02-16,257.3546924253558,260.0060260617434,255.28821748394975,255.5319061279297,29603600
2023-02-17,252.84162161049076,253.52393201360653,249.53718908576167,251.54518127441406,30000100
2023-02-21,248.0555633319736,249.04007506409081,245.23852294112166,246.291259765625,28397400
2023-02-22,247.6754219276689,247.91911060638247,244.0200917469653,245.16055297851562,22491100
2023-02-23,249.10829119149065,250.3559759296498,244.15653587973247,248.33824157714844,29219100
2023-02-24,243.649683795455,244.66342210762315,241.8366395147742,242.92835998535156,24990900
2023-02-27,246.08657375483682,246.4374860355747,243.09406973943646,243.84463500976562,21190000
2023-02-28,242.7821510664902,245.14105556625483,242.4507231771338,243.12330627441406,22491000
2023-03-01,244.42949575369053,244.59520227636006,239.58496345634046,240.0528564453125,27565300
2023-03-02,240.32578121944115,245.0533327272031,239.4095093951341,244.77066040039062,24808200
2023-03-03,245.82337754163785,249.16677885152734,245.04357084699137,248.84510803222656,30760100
2023-03-06,249.956359426143,253.55320692008516,249.517722752789,250.38525390625,24109800
2023-03-07,249.82958786516494,251.1845110149319,246.9930633309493,247.73387145996094,21473200
2023-03-08,247.62667058752513,248.11404792403098,244.47821715829852,247.29525756835938,17340200
2023-03-09,249.36174508099094,253.00731800229747,245.22877995450497,245.95010375976562,26653400
2023-03-10,244.74138378096757,246.40820579752568,241.34924197875884,242.31423950195312,28333900
2023-03-13,241.15429996225072,251.3989810865607,239.5264614444424,247.50970458984375,33339700
2023-03-14,250.26823625336974,254.4791831419145,249.4007052796058,254.2062530517578,33620300
2023-03-15,253.41676912459158,259.7526754623926,252.66618887408737,258.7389221191406,46028000
2023-03-16,258.51466054625075,269.57813126600007,256.6333912973098,269.22723388671875,54768800
2023-03-17,271.23525555020916,276.1772393298442,269.3442290300633,272.3757019042969,69527400
2023-03-20,269.9875366889346,270.47491398328793,263.0375317119125,265.3574523925781,43466600
2023-03-21,267.9405526736913,268.05751846766043,262.7158524815854,266.8683166503906,34558700
2023-03-22,266.49788734137707,273.94502636302843,265.3086856035219,265.4159240722656,34873300
2023-03-23,270.9233512964952,273.9645815107582,268.2525326655101,270.6504211425781,36610900
2023-03-24,270.2409584505626,273.54539085578926,268.33044774491924,273.4869079589844,28172000
2023-03-27,273.41866361100745,274.3544196920251,268.56437502402,269.4026794433594,26840200
2023-03-28,268.8275985161655,269.1687685997756,265.18199582572424,268.28173828125,21878600
2023-03-29,271.9175487241211,274.0425364680911,271.3814455656998,273.4284362792969,25087000
2023-03-30,277.054537290587,277.27871183195333,274.3739618829966,276.8790588378906,25053400
2023-03-31,276.56709273827806,281.9672110110336,275.85551127583807,281.0216979980469,32766000
2023-04-03,279.2867539444378,280.9925749626686,276.78165654264745,279.9788513183594,24883300
2023-04-04,279.9788092952923,283.1175206876223,278.4581943099055,279.9300537109375,25824300
2023-04-05,278.6336629350254,279.90083226436434,275.77763853693574,277.1617736816406,22064800
2023-04-06,276.0602584923825,284.7063275533511,274.91005513471964,284.23846435546875,29770300
2023-04-10,281.90878059048885,282.28894917802717,277.52238471849756,282.0842590332031,23103000
2023-04-11,278.53611574215296,278.7603200001052,274.5298887759889,275.6898193359375,27276600
2023-04-12,277.60042049037634,279.7643772791171,274.84184782081707,276.3332214355469,27403400
2023-04-13,276.4306416753899,282.58134055975376,276.021261419223,282.5228576660156,24222700
2023-04-14,279.75465677271774,281.19730473613265,276.5282204280386,278.9163818359375,20987900
2023-04-17,282.6106635193612,284.2385171903197,278.93584848287077,281.5091857910156,23836200
2023-04-18,284.2092231464568,284.39442891149264,279.76434427989847,281.0899963378906,20161800
2023-04-19,278.7700813374877,281.7528282776957,277.3567049001675,281.1679992675781,17150300
2023-04-20,278.0488101013178,281.73338210050423,277.88308869454204,278.8870849609375,23244400
2023-04-21,277.81486288712955,279.0430336532182,275.9140792116014,278.5459289550781,21676400
2023-04-24,274.9685448486902,277.75635870948304,271.6836263278282,274.6566162109375,26611000
2023-04-25,272.453630628669,274.49086389532874,268.41813285609015,268.4668884277344,45772200
2023-04-26,289.2096786986015,292.0072194183814,285.3399020547386,287.9132385253906,64599200
2023-04-27,288.4981481341887,297.4951446738083,287.79632356423065,297.13446044921875,46462600
2023-04-28,296.335220680939,301.1309977099639,295.65288041191343,299.503173828125,36469600
2023-05-01,299.2205078090528,300.80936302886863,297.44644678158,297.8460998535156,21294100
2023-05-02,299.9905392914893,301.3746744145902,296.2377274555762,297.6998596191406,26404400
2023-05-03,298.8792887083803,300.819041090019,296.4131604465873,296.71533203125,22360800
2023-05-04,298.5088929942314,299.9905392914893,295.74059300087464,297.6998596191406,22519900
2023-05-05,298.00196232327136,304.0941782629667,296.5885563264028,302.8074951171875,28197100
2023-05-08,302.30071055555146,302.3689505307948,298.36269283862055,300.8580627441406,21318600
2023-05-09,300.22444953048654,302.2129574604757,298.5771116971217,299.24969482421875,21340800
2023-05-10,300.8287815493971,305.09821176430125,299.9027824610233,304.4256286621094,30078000
2023-05-11,302.2714311285641,303.2656701896078,298.5283767405059,302.2811584472656,31680200
2023-05-12,302.71005168658775,302.8075331032812,298.8597885779878,301.1699523925781,19774700
2023-05-15,301.2966855922646,302.0764774582507,299.82479646702666,301.6475830078125,16336500
2023-05-16,302.0082405576207,305.790293615096,302.0082405576207,303.8700256347656,26730300
2023-05-17,305.0715994717328,307.1621190650021,303.5574089684494,306.7420654296875,24315000
2023-05-18,307.2598287418547,311.665592368816,306.4685537852504,311.1575927734375,27276000
2023-05-19,309.4187276052405,311.38227715164794,309.05728471229986,310.98175048828125,27546700
2023-05-22,311.2357518358931,315.1335157612651,310.65939292099665,313.756103515625,24115700
2023-05-23,312.63266399021563,315.26048835857114,307.9631525133489,307.9729309082031,30797200
2023-05-24,307.45521463229585,309.1842914063532,305.38419212471825,306.5955505371094,23384900
2023-05-25,315.7684901108892,319.3438949651791,312.6033903237595,318.3865661621094,43301700
2023-05-26,316.53043497879963,325.69362591247574,316.3936865085404,325.1954345703125,36630600
2023-05-30,327.4813284245179,327.9795197443462,322.8801763737934,323.5542297363281,29503100
2023-05-31,324.6093167826368,328.1749431768424,319.76394285514135,320.7994689941406,45950600
2023-06-01,318.39626537207107,325.8206007034054,317.2142423331167,324.8925476074219,26773900
2023-06-02,326.52404833423975,329.6989268894717,324.86333070355175,327.6474609375,25873800
2023-06-05,327.47159843712996,330.734392827561,326.924544875392,328.1749572753906,21307100
2023-06-06,327.5790489490728,327.61813272213266,324.49211655757586,325.9671936035156,20396200
2023-06-07,323.9840754044963,326.7584266923508,315.04557889593144,315.9052429199219,40717100
2023-06-08,316.4522947423508,319.08989754628954,315.8759358684607,317.7417907714844,23277700
2023-06-09,317.47803824659906,322.3624661949436,316.9114577219513,319.2364501953125,22529000
2023-06-12,320.9850995006378,324.42375634419443,317.644167004539,324.1795349121094,24260300
2023-06-13,326.7388815445772,329.19087359317086,322.75320197847674,326.56304931640625,22951300
2023-06-14,326.6118850882896,331.20325873096044,325.11725150881233,329.54254150390625,26003800
2023-06-15,329.679373413851,341.7536655006573,329.40584662971514,340.05389404296875,38899100
2023-06-16,343.19939555884866,343.3459224105444,334.04598387273194,334.41717529296875,46552000
2023-06-20,331.4670303403785,334.17299255500126,328.09676330100183,330.23614501953125,26375400
2023-06-21,328.5949603328218,329.92354007257114,324.39436474233247,325.84991455078125,25117800
2023-06-22,326.3970013361719,332.2583147464339,325.6350317853251,331.8577880859375,23556800
2023-06-23,326.6314360457984,330.1482299651682,325.74249643584824,327.27618408203125,23146900
2023-06-26,326.00622657027685,328.3409673865728,320.89710473059927,321.00457763671875,21520600
2023-06-27,324.1892578253604,328.38010561548896,321.6884329438187,326.8366394042969,24354100
2023-06-28,326.92453987884056,330.1678072397065,326.0941811528345,328.0870361328125,20259500
2023-06-29,326.97337394490575,328.3410078355039,324.93168659890875,327.3055114746094,16997000
2023-06-30,329.9430603518384,334.80796061953606,329.40578527983763,332.6685791015625,26832800
2023-07-03,331.3498259032752,333.02029191600536,328.7903904255227,330.17755126953125,12508700
2023-07-05,327.3445342470537,333.75290026498266,326.99286980308096,330.33380126953125,18172400
2023-07-06,329.5034771232006,335.0619581701481,327.7450950952517,333.3817138671875,28161200
2023-07-07,331.47685037654594,333.8897591570252,329.210468483103,329.4253845214844,21214800
2023-07-10,326.8659348779879,327.48137758941004,320.0179571321777,324.1599426269531,32791400
2023-07-11,323.40771358997307,325.1660955778508,319.44156081618985,324.7851257324219,26698200
2023-07-12,328.81965499219945,333.7529146882439,327.9111586604982,329.4057922363281,29995300
2023-07-13,331.71121221123786,335.7945861289157,331.18368573483207,334.73956298828125,20567200
2023-07-14,339.55566639937143,343.3069035731136,336.35148278353853,337.2599792480469,28352700
2023-07-17,337.689785296776,338.9695029653532,334.29024270759476,337.7386474609375,20363900
2023-07-18,337.8363418414127,358.30210756551196,334.2609666964125,351.18060302734375,64738600
2023-07-19,353.38839928042864,354.08197977472815,344.293595867751,346.87255859375,39732900
2023-07-20,345.39747131192405,349.69576227029717,337.38699694372247,338.8523254394531,33778400
2023-07-21,341.07956227112305,342.20297462021114,331.9749823654145,335.82391357421875,69405400
2023-07-24,337.85591126570966,338.90118607619127,334.3977276840243,337.13299560546875,26678100
2023-07-25,339.0866769937066,343.7562178269047,337.09385224182984,342.86724853515625,41637700
2023-07-26,333.54776814346803,336.7031188576935,325.4102957060048,329.96258544921875,58383700
2023-07-27,332.6099731824386,333.44030197626535,321.44414968283064,323.0755615234375,39635300
2023-07-28,325.9573926830905,332.1508430764587,325.4689499409115,330.5487365722656,28484900
2023-07-31,329.13228102338303,329.89425053304086,325.6545411607463,328.1553955078125,25446000
2023-08-01,327.44229185029457,330.7148646247149,325.98674182307207,328.5657043457031,18311900
2023-08-02,325.9183364890345,325.9183364890345,318.8163593371292,319.9300231933594,27761300
2023-08-03,318.46468799733185,322.25500868577666,318.415855644904,319.10943603515625,18253700
2023-08-04,324.20875816253636,327.3934143700841,319.67599522143337,320.2035217285156,23741500
2023-08-07,320.77990397221754,323.45656084506595,319.94954529049863,322.47967529296875,17741500
2023-08-08,319.402549913974,321.15118371797996,315.53409077082136,318.5135803222656,22327600
2023-08-09,318.9238148724649,319.5490060989431,313.62908227048086,314.7818298339844,22373300
2023-08-10,318.48424072838094,320.6724848006537,313.75611788086866,315.4656677246094,20113700
2023-08-11,312.8573931698293,314.9576912566164,311.8316453980151,313.5900573730469,24355500
2023-08-14,313.9612471638397,316.5695147707091,312.68149972344554,316.54998779296875,18836100
2023-08-15,315.53404351386234,317.5757308061961,313.482577825794,314.4203796386719,16966300
2023-08-16,314.04837487104845,317.59221281010525,313.06942104679297,313.65679931640625,20698900
2023-08-17,313.79385086017476,315.0958462335388,309.55496429159837,310.21087646484375,21257200
2023-08-18,307.8712277189821,311.679373042675,304.9931006267398,309.8193664550781,24755000
2023-08-21,311.23877242073405,315.9769051965937,310.3675190796091,315.10565185546875,24040000
2023-08-22,318.6494284839002,319.2172084832267,314.6944471815671,315.67340087890625,16084600
2023-08-23,317.00485374224843,322.2716304158125,316.65241480901244,320.117919921875,21166400
2023-08-24,325.84483270814246,325.97210150343915,313.2261017791745,313.23590087890625,23281400
2023-08-25,314.70429575926823,318.5124107055097,312.0904758312742,316.1825256347656,21684100
2023-08-28,318.8061314202153,319.2858092722639,314.949050654982,316.88739013671875,14808500
2023-08-29,315.1056626837717,322.0562408320529,315.1056626837717,321.49822998046875,19284600
2023-08-30,321.7528000842896,322.86879202505213,319.57952117301215,321.8702697753906,15222100
2023-08-31,322.27157317335417,323.9455756518063,319.90249205082335,320.86187744140625,26411000
2023-09-01,324.33717196139406,325.00285335659055,319.9025125671937,321.7429504394531,14942000
2023-09-05,322.07580143984785,327.8026871669536,321.74296073160247,326.530029296875,18553900
2023-09-06,326.3636224074877,327.42087936565457,323.23095829944674,325.8741455078125,17535800
2023-09-07,324.3176972156663,326.0700034637313,322.1052514914753,322.96673583984375,18381000
2023-09-08,323.1428437260037,329.08510023164433,322.52609807587226,327.23486328125,19530100
2023-09-11,330.14241804396147,331.2976064014658,328.37051379787096,330.82769775390625,16583300
2023-09-12,328.7522562072044,329.70184254177326,324.5036005080368,324.7874755859375,17565500
2023-09-13,324.3372427360716,329.7606561840055,324.2002047131797,328.9872741699219,16544400
2023-09-14,332.01219710477335,333.68619984765456,329.48650927999284,331.5716857910156,20267000
2023-09-15,329.8291132111252,330.2989918946616,322.7121002719872,323.2701110839844,37679800
2023-09-18,320.9010301881777,323.4463159361462,319.4913343854658,322.134521484375,16834200
2023-09-19,319.30545890096306,322.4576921692309,317.68039157629755,321.7332458496094,16505900
2023-09-20,322.5750579775089,322.65336113195434,313.7644742751729,314.01898193359375,21436500
2023-09-21,312.5407774764578,318.5026021085826,308.3704250255411,312.8050842285156,35560400
2023-09-22,314.5574539286877,314.68472270748657,309.49624944861836,310.3381652832031,21447900
2023-09-25,309.92703743147536,310.98432446171176,308.3705041858595,310.8570556640625,17836000
2023-09-26,308.4977104446982,309.2319257820145,303.49524107796117,305.5706481933594,26297600
2023-09-27,305.7272930031046,307.6852008158054,303.1722376476752,306.2070007324219,19410100
2023-09-28,304.44487173232886,308.8403951730469,302.9373041972711,307.03912353515625,19683600
2023-09-29,311.06255226407086,312.74635389934775,308.3508611473558,309.1046447753906,24147300
2023-10-02,309.6234991428816,315.1154453625428,308.5466440139972,315.0273132324219,20570000
2023-10-03,314.0777619824239,314.6260036436558,304.6602303826851,306.79437255859375,21033500
2023-10-04,307.4208957324774,313.3044183025866,307.391528310135,312.24713134765625,20720100
2023-10-05,312.3743346117822,313.24561775068076,308.2725161916583,312.6386413574219,16965600
2023-10-06,309.8878196065806,322.2618102249638,309.6430811517103,320.3724365234375,25673600
2023-10-09,317.9152372482106,323.34841872912307,316.37827265710837,322.8785400390625,19891200
2023-10-10,323.9945568948938,324.13162477364205,320.7738202479149,321.4786682128906,20557100
2023-10-11,324.23927254305164,325.81540366125716,322.21286092721374,325.423828125,20063200
2023-10-12,323.6127589882386,326.6083551720829,321.8016885159057,324.1903381347656,19313100
2023-10-13,325.3846484410319,326.80411343693316,319.4913278140148,320.83251953125,21072400
2023-10-16,324.0826582883067,329.06555964733286,323.6421469834392,325.63922119140625,22158000
2023-10-17,322.6534242330698,326.4419711859503,320.51931182231954,325.0714416503906,18338500
2023-10-18,325.4923600401383,328.5271229876209,321.3905409680336,323.1624450683594,23153600
2023-10-19,325.15953397789394,329.7899967094516,323.9456406942705,324.3470153808594,25052100
2023-10-20,324.7385967213242,324.93439945615916,318.60056637565555,319.7948913574219,25027700
2023-10-23,318.620090545015,325.7273046053134,317.5628335992071,322.3890686035156,24374700
2023-10-24,324.32742268148115,324.8560661648909,320.7053110922139,323.5736389160156,31153600
2023-10-25,337.7587006877497,338.913889121063,330.51444701213205,333.5002746582031,55053800
2023-10-26,333.37295718073534,334.4400133073603,320.0591786565096,320.98919677734375,37828500
2023-10-27,323.4757210351802,329.63334926048014,321.4884458683103,322.8687744140625,29856500
2023-10-30,326.3930534311685,332.3059438965827,324.8462893966071,330.2109680175781,22828100
2023-10-31,331.71852577091533,331.865362876774,327.64607407506094,330.99407958984375,20265300
2023-11-01,332.6387611479277,340.1081843444484,332.5016932588563,338.7865905761719,28158800
2023-11-02,339.9318795140481,341.4884123407966,337.51386263532146,340.9891662597656,24348100
2023-11-03,342.2716414539088,346.93147136857294,340.02002965992455,345.3749084472656,23637700
2023-11-06,346.0112028872033,350.0151200008031,345.91330154053924,349.0263671875,23828300
2023-11-07,351.8359771725129,354.83157330344505,350.10323976353783,352.94219970703125,25833900
2023-11-08,354.0680317747925,356.2119431597548,352.9618091115113,355.5560607910156,26767800
2023-11-09,354.67497835793193,357.1125938314782,352.77580544293505,353.098876953125,24847300
2023-11-10,353.8819973228906,362.3108050217642,353.47085345970584,361.8898620605469,28042100
2023-11-13,360.4703964021509,360.71513487046275,358.1992162461448,358.9627990722656,19986500
2023-11-14,363.2016188989832,364.1218377596641,359.6186448005375,362.4771728515625,27683900
2023-11-15,364.203659277244,366.0184055463694,360.11312341587404,362.6243591308594,26860100
2023-11-16,363.88979560921166,369.17708096054344,363.1246629725075,369.0005187988281,27182300
2023-11-17,366.4892814424939,367.23480603716206,360.0052770614011,362.80096435546875,40157000
2023-11-20,364.1448542442713,371.64904556813445,363.9290460653395,370.2463073730469,52465100
2023-11-21,368.51001608638865,369.0495215118682,364.04671781694736,365.9595642089844,28423100
2023-11-22,370.79563367244174,372.5515261398846,367.82338415552084,370.64849853515625,23345300
2023-11-24,370.1383806452385,370.766197129462,367.99014782412655,370.2364807128906,10176600
2023-11-27,369.59884307126106,373.3852898149662,369.02991062580026,371.3939514160156,22179200
2023-11-28,371.1389381343408,375.70030662709087,370.9525569972749,375.4060363769531,20453100
2023-11-29,376.44584793002184,376.97553440384473,370.24629493974936,371.6294250488281,28963400
2023-11-30,371.2762546529022,372.8457658390955,368.313824366715,371.6882629394531,30554400
2023-12-01,369.579278745005,370.9525899274523,364.23313921740737,367.3721618652344,33040500
2023-12-04,362.0652461744231,362.47722453595185,355.9834013927852,362.1044921875,32063300
2023-12-05,359.4658162783121,365.9694295071658,358.65161854114,365.42010498046875,23065000
2023-12-06,366.42064545969674,367.0484320232483,361.0156519151652,361.7709655761719,21182100
2023-12-07,361.211844686289,364.37047528705625,359.33824414976533,363.8800048828125,23118900
2023-12-08,362.16331218821597,367.3230398250767,361.2117985281366,367.0974426269531,20154400
2023-12-11,361.4570668899954,364.51759731266617,359.12242306000167,364.2232971191406,27708800
2023-12-12,363.78190900979564,367.28387492110465,363.3993277208236,367.24462890625,24838300
2023-12-13,368.8533179256787,370.44246703468053,363.7033791572921,367.2347717285156,30955500
2023-12-14,366.19500581642444,366.63644114858533,357.18997650221536,358.9556579589844,43277500
2023-12-15,359.858129570657,365.30233890168853,359.29898614385536,363.6641845703125,78502300
2023-12-18,362.408614614865,365.89094271187565,361.6532709896756,365.547607421875,21802900
2023-12-19,364.40968123442,366.1459655761719,362.79113493260104,366.1459655761719,20603700
2023-12-20,367.8527690284867,368.8631367699809,363.46796282422974,363.5562438964844,26316700
2023-12-21,365.45923017228415,367.27397628253584,362.9872706194223,366.4205627441406,17708000
2023-12-22,366.55795515551875,368.02936637236263,365.60644137118885,367.4407958984375,17107500
2023-12-26,367.8527728468658,369.7558002532684,366.38136175547834,367.5192565917969,12673100
2023-12-27,366.56778944423564,367.91167362196546,365.7045567045712,366.9405517578125,14905400
2023-12-28,368.2157835307377,369.28500552722875,367.02885341513803,368.12750244140625,14327000
2023-12-29,368.83370931155366,369.9716041347207,366.3617494835299,368.8729553222656,18730800
2024-01-02,366.73445558911857,368.73558288926426,359.7795900004408,363.80145263671875,25258600
2024-01-03,361.9769897820248,366.1459883616317,361.4865193608946,363.53668212890625,23083500
2024-01-04,363.6052858949814,365.98896450288805,360.1719936012131,360.92730712890625,20901500
2024-01-05,361.93774634798484,364.9688499798779,359.51482125288123,360.7409973144531,21004600
2024-01-08,362.26142084093584,368.04899543580075,361.9769695664422,367.5487060546875,23134000
2024-01-09,364.9197613954772,368.8238862439724,364.11538283242464,368.6277160644531,20830000
2024-01-10,369.1967157740048,376.84807263186053,369.14768070417387,375.4747314453125,25514200
2024-01-11,378.64317007041507,383.2339660876797,373.1302872544769,377.2992858886719,27850800
2024-01-12,378.14285622037966,381.27205974083927,377.31886954764786,381.0660705566406,21661200
2024-01-16,386.15716028479716,386.52010359232963,380.2322694497991,382.8317565917969,27202300
2024-01-17,380.5854353256014,382.6748141545887,377.4758397118604,382.0470275878906,22234100
2024-01-18,384.2540816844417,386.48080623556007,382.6845706202122,386.36309814453125,23392100
2024-01-19,388.2171444423586,391.0716857910156,386.00020863284516,391.0716857910156,29331100
2024-01-22,392.3959630178593,392.9845335375129,386.08852029622886,388.952880859375,27016900
2024-01-23,388.2073445307626,391.7681646348443,386.42202498468174,391.29730224609375,20525900
2024-01-24,393.8869938433054,397.89903829237466,392.81777191847715,394.8875427246094,24867000
2024-01-25,396.6140284196201,399.252761812522,394.85813584184393,397.1535339355469,21021200
2024-01-26,396.66300059602537,398.4287118822507,394.75997317345707,396.23138427734375,17803300
2024-01-29,398.3207945584323,402.16609543170915,396.62375630100183,401.9110412597656,24510200
2024-01-30,404.4026783420674,405.17760004808207,398.70341448382425,400.8026123046875,33477600
2024-01-31,399.20367116692984,407.404352059521,389.6394980894709,390.00244140625,47871100
2024-02-01,394.17141257606636,400.2238302394902,394.1419855506921,396.0842590332031,30657700
2024-02-02,396.11370188933375,404.7852149654356,395.86846668943514,403.3824768066406,28256700
2024-02-05,402.08760781050484,403.32360273614995,396.290244380319,397.9186096191406,25352300
2024-02-06,398.1442695260025,400.1944322717671,395.23087405866585,397.7616882324219,18382600
2024-02-07,399.67450426882596,406.4037434899342,399.63525825649936,406.15850830078125,22340500
2024-02-08,406.15849214322577,407.63972220628386,404.6674730294275,406.21734619140625,21225300
2024-02-09,407.3356632361391,412.79951062359436,407.17870911735395,412.5346374511719,22032800
2024-02-12,412.54446380988065,412.7210259706923,406.8452001103824,407.3454895019531,21202900
2024-02-13,397.22213321307663,402.25436384146246,395.7016870880575,398.5758361816406,27824900
2024-02-14,401.03272774217567,402.7721928081846,397.5930862054174,402.42822265625,20401200
2024-02-15,401.1015670196542,402.07448469518283,397.3179549607251,399.5487976074219,21825500
2024-02-16,400.9246260176193,401.24895188558764,396.4825852713034,397.0918884277344,22296500
2024-02-20,396.2860326967427,397.51447618664315,391.1462443294289,395.84381103515625,24307900
2024-02-21,393.2690069492409,395.35244235543763,390.3698682526408,395.24432373046875,18518900
2024-02-22,403.1161813071161,405.710638303165,401.52412337910727,404.5509948730469,27009900
2024-02-23,408.5016799323737,408.6883757427927,401.9172111140197,403.2635803222656,16295900
2024-02-26,404.36425308702184,405.05219339501383,400.33495269298504,400.5118713378906,16193500
2024-02-27,400.95403478763313,401.2783605968171,396.8854463885127,400.4528503417969,14835800
2024-02-28,401.1408405413653,402.24152110085487,398.33017625490425,400.68878173828125,13183100
2024-02-29,401.5928795214688,407.0569930435109,398.9197856408711,406.50665283203125,31947300
2024-03-01,404.17756158377745,408.6982397267373,403.7943028017663,408.3346252441406,17823400
2024-03-04,406.3101908967546,410.15276617969135,405.2095102002069,407.7646789550781,17596000
2024-03-05,406.8211614689715,407.1061687535314,393.7308905561475,395.7062072753906,26919200
2024-03-06,396.020774001977,398.17300979939284,391.51976940666486,395.15594482421875,22344100
2024-03-07,399.11635103541613,402.71323699020854,395.30325783772497,402.08428955078125,18718500
2024-03-08,400.9246750672685,403.34227368160253,397.35727003094775,399.2146911621094,18002200
2024-03-11,396.7971025481086,398.68397503984977,394.34021545583295,397.5439758300781,16120800
2024-03-12,400.59053286353617,408.40344602882556,399.7748595225906,408.1184387207031,22457000
2024-03-13,410.88979275530687,410.96839994406946,404.3544792559954,407.9415283203125,17115900
2024-03-14,412.99286375239626,420.4421618629372,410.7816654727546,417.8869934082031,34157300
2024-03-15,412.0592095701896,415.31212509375916,405.67130428358104,409.23870849609375,45079900
2024-03-18,407.10613532964646,413.47439659588105,406.64423942002503,410.1231994628906,20106000
2024-03-19,410.6243607307359,414.39816496544705,408.38368133647776,414.14263916015625,19837900
2024-03-20,414.72248109059194,418.6141812833587,413.40559339888034,417.89678955078125,17860100
2024-03-21,422.41748239432127,423.3904300401875,419.7935438740281,421.9654235839844,21296200
2024-03-22,422.2897491598315,422.446963535343,418.7223444405752,421.3462829589844,17648500
2024-03-25,417.9066799433217,420.03927125139006,414.3392748930156,415.5677185058594,18060500
2024-03-26,418.2702405050307,418.64369211377476,414.08372560652526,414.3785400390625,16725600
2024-03-27,417.1204243635022,417.13026150811925,411.78407332169564,414.1623229980469,16705000
2024-03-28,413.70039009359095,414.5947004262664,411.8921251320564,413.46453857421875,21871200
2024-04-01,416.6389267777452,420.51098325002465,414.9387501061958,417.24822998046875,16316000
2024-04-02,412.8650690915943,415.0959414899842,410.6342266844982,414.1721496582031,17912000
2024-04-03,412.49166464341647,415.96078773337547,411.8626872035861,413.1992492675781,16502300
2024-04-04,417.66098731056826,421.27754806630895,410.368962888124,410.6736145019531,19370900
2024-04-05,412.76683489834704,419.1547408159618,411.10597696046364,418.1817932128906,16554800
2024-04-08,417.8378673566601,419.91146556821536,416.00009070624833,417.2678527832031,14272400
2024-04-09,419.08592477391875,420.3634939121141,414.3490398303801,418.9286804199219,12496900
2024-04-10,414.90926057255786,416.71752584552905,412.46221066374153,415.9608154296875,16216600
2024-04-11,418.4766034449177,421.9653705491401,415.07625067131136,420.5502014160156,17966400
2024-04-12,416.73718451939897,417.84770230483133,412.53099493709567,414.624267578125,19253800
2024-04-15,419.2431448554473,419.4593520807638,406.30025275925726,406.50665283203125,20273500
2024-04-16,407.420612769205,411.1845499778848,406.5951024412481,407.430419921875,16765600
2024-04-17,410.054408065017,411.6563030616971,403.2537321874578,404.7377014160156,15855500
2024-04-18,403.5485840383649,404.786864609064,396.983789567324,397.2982482910156,21029900
2024-04-19,397.0624207324797,398.48742718931453,390.91036608589934,392.2370910644531,30565800
2024-04-22,393.18052011404563,395.9027700554988,388.9252051027742,394.04534912109375,20286900
2024-04-23,397.2687310137851,401.1604610302828,396.1090877220826,400.54132080078125,15734500
2024-04-24,402.4969925599919,405.3568121940371,399.7649358292137,402.005615234375,15065300
2024-04-25,387.2348064445488,392.9937641834992,381.33827865259076,392.1584167480469,40586500
2024-04-26,405.0620486762338,405.8777219430486,398.7625869715763,399.31292724609375,29694700
2024-04-29,398.261343947103,399.31289867869236,392.3058528379069,395.3130798339844,19582100
2024-04-30,394.5662074998568,395.2246663994194,382.4586913890698,382.61590576171875,28781400
2024-05-01,385.8393454420747,394.7922572147303,383.57902141142335,388.1291809082031,23562500
2024-05-02,390.80226783236736,393.0331103770738,387.84416635932274,390.9791564941406,17709400
2024-05-03,395.3425632659736,400.1285739017596,394.9297930918896,399.64703369140625,17446700
2024-05-06,401.7108501382599,406.7916755135943,399.36205183771864,406.4084167480469,16996600
2024-05-07,407.5090542684683,407.5188914123627,402.035103569306,402.2807922363281,20018200
2024-05-08,401.1309897393213,405.1209713289568,399.69614631705593,403.4601135253906,11792300
2024-05-09,403.48962134136315,405.60253803694064,402.04497067197207,405.2094421386719,14689700
2024-05-10,405.81873052839654,408.2166544093559,404.69837576819543,407.5876770019531,13402300
2024-05-13,410.8013229086305,411.13545592488975,403.7353138522874,406.5852966308594,15440200
2024-05-14,404.91462752191757,410.29029755221785,404.45273155985166,409.3763427734375,15109300
2024-05-15,411.433999213995,417.2525598208021,410.81374213755174,416.5338439941406,22239500
2024-05-16,415.2736611097877,418.8376756715858,413.84611435268135,414.4761962890625,17530100
2024-05-17,416.00224831627656,416.3763735645946,411.56201978291415,413.7082824707031,15352200
2024-05-20,413.7082502471213,420.1667475860199,413.49165301735496,418.7588806152344,16272100
2024-05-21,420.22581467067795,426.27082729608003,418.2764696581723,422.4016418457031,21453300
2024-05-22,423.4353640639669,425.719474725285,420.5211715226864,423.85870361328125,18073700
2024-05-23,426.27078715380964,426.8910441613392,418.83761804177703,420.3931579589844,17211700
2024-05-24,420.58025544710625,424.39037161476875,417.84327052223153,423.5043029785156,11855300
2024-05-28,422.98250841239616,424.1540984130066,419.99939161518114,423.6618347167969,15718000
2024-05-29,419.1034664398289,424.27223522977,419.1034664398289,422.5296325683594,15517100
2024-05-30,417.7349716036768,417.7349716036768,407.8306281783295,408.2539978027344,28394500
2024-05-31,410.3018082986228,410.3018082986228,398.25120211572766,408.7068786621094,47995300
2024-06-03,409.10070551791864,409.98677424724076,402.5929932498963,407.1217956542969,17484700
2024-06-04,406.04863004617806,409.99659455099004,403.341179685009,409.63232421875,14348900
2024-06-05,411.3454112041521,417.5183874951578,409.8587651411263,417.4494934082031,16988000
2024-06-06,417.44948005128595,418.7293536763162,414.0725281736093,417.9515686035156,14861300
2024-06-07,419.60557647742206,419.6843254469309,416.45507688003147,417.29193115234375,13621700
2024-06-10,418.1288206635897,421.45649821147657,417.3313558315188,421.249755859375,13982900
2024-06-11,418.89671156901073,426.1231387794062,418.67025946007556,425.98529052734375,14551100
2024-06-12,428.5844790234761,436.53944727057524,426.54650007534946,434.23565673828125,22366200
2024-06-13,434.0289338170149,436.52964196122593,432.57182236972,434.74761962890625,15960600
2024-06-14,431.49865916361745,436.2834778568933,429.96279885352675,435.7222900390625,13582000
2024-06-17,435.7419285968911,443.96273745711665,433.90086737641116,441.4324951171875,20790000
2024-06-18,442.7518432687409,443.1752129183503,438.00644366410285,439.4339904785156,17112500
2024-06-20,439.3945864733692,439.62103860195157,434.442414629224,438.80389404296875,19877400
2024-06-21,440.4578496032106,443.6083190884872,439.6013156180092,442.8207092285156,34187100
2024-06-24,442.84045705555275,445.74482519591487,439.5029244573709,440.7434387207031,15913700
2024-06-25,441.31445050765626,444.43541589296024,439.8376592622319,443.9726867675781,16413400
2024-06-26,442.05279974277113,446.5816317625772,441.25533495755695,445.1639099121094,16507000
2024-06-27,445.18358463488477,449.1118693221635,444.7799248025884,445.8432312011719,14806300
2024-06-28,446.05981801420484,448.33407381119525,439.5028621939787,440.0345153808594,28362300
2024-07-01,441.71806471797646,450.2932899171113,438.7644825324962,449.6632080078125,17662800
2024-07-02,446.1878533998419,452.47896819642483,446.09921948918884,452.17376708984375,13979800
2024-07-03,451.1006488720151,453.8868484229565,450.79544775657115,453.6407165527344,9932800
2024-07-05,452.498587816865,461.1033770377166,451.8685059547019,460.3255920410156,16000300
2024-07-08,459.33123257528905,460.46346308739743,457.2735739768986,459.0260314941406,12962300
2024-07-09,459.77431483044427,460.09919566591896,450.9135678636905,452.42974853515625,17207200
2024-07-10,454.0837171765978,459.24263100795065,451.76021694759896,459.035888671875,18196100
2024-07-11,455.81649732303464,457.5886345893225,444.5633265323156,447.66461181640625,23111200
2024-07-12,447.3003093014831,449.29889867197954,443.67725577045155,446.5323791503906,16324300
2024-07-15,446.28624348851673,450.1849934949163,444.44518211930125,446.93603515625,14429400
2024-07-16,447.19201839056086,447.27076735934133,439.7489939570935,442.5647277832031,17175700
2024-07-17,435.74198947896895,437.9670310742686,432.38474735385836,436.6575927734375,21778000
2024-07-18,437.46491051123894,437.7701116080265,427.6787055457858,433.55633544921875,20794800
2024-07-19,426.39883667006126,434.3144456334854,425.31585048613374,430.3467712402344,20940400
2024-07-22,434.95437784378936,437.7208974938516,432.1189340633458,436.0865783691406,15808800
2024-07-23,437.03166701756135,441.4522150715158,436.24405718750495,437.96697998046875,13107100
2024-07-24,433.6351033912307,434.64916540683873,420.9740654607642,422.2637939453125,26805800
2024-07-25,422.1653487650477,423.14987619224735,411.05005574464656,411.92626953125,29943800
2024-07-26,411.7293557750341,422.28349032231534,410.8137224917234,418.68994140625,23583800
2024-07-29,424.90231413559286,425.46350195400487,418.1287909882396,420.12738037109375,15125800
2024-07-30,421.1020314288797,422.41143955979663,410.9023126509883,416.3763122558594,32687600
2024-07-31,413.9937725831716,415.2539664560443,405.8320320070505,411.8770446777344,42891400
2024-08-01,414.27930323794226,420.8460843318748,406.69843005351635,410.6562194824219,30296400
2024-08-02,406.10769576372263,408.5788691410044,398.08380349930894,402.1695861816406,29437900
2024-08-05,383.1484957861814,394.8348298232827,379.6140164017355,389.03594970703125,40709200
2024-08-06,393.8109820824443,399.3932659734361,392.33419089963513,393.427001953125,24946500
2024-08-07,402.31727423535324,403.73496598996115,391.3200904199489,392.2652282714844,20650900
2024-08-08,396.2131882314223,399.58025493530266,393.75186986205176,396.4593200683594,20203000
2024-08-09,397.7786234799922,401.736413003281,396.0360207139592,399.7378234863281,19276700
2024-08-12,400.7616957993417,402.4354042920839,397.98532149531104,400.51556396484375,16762900
2024-08-13,403.2525628062739,408.5296451452922,403.23288307516907,407.60418701171875,19414300
2024-08-14,408.3819407203729,411.25677385836923,406.0683254390975,410.4100646972656,18267000
2024-08-15,414.0495331175792,415.34158622213624,411.9388626649199,415.2626953125,20752100
2024-08-16,414.83859034033384,415.5684441235936,411.5837759699612,412.7377624511719,22775600
2024-08-19,413.22102581055816,415.97281647426513,410.7552711189502,415.7558288574219,15234000
2024-08-20,415.92353667507666,420.0265262237166,415.86436096713305,418.9810485839844,16387600
2024-08-21,418.2709333493598,420.55916118279697,415.9432751081222,418.33013916015625,16067300
2024-08-22,418.5470440541718,420.94378045645306,408.9306008917766,409.85772705078125,19361900
2024-08-23,411.26814926800137,413.5169162438492,406.4451188555861,411.08074951171875,18493800
2024-08-26,410.6665739670887,411.564112431912,405.705475929342,407.8260192871094,13152800
2024-08-27,407.2045864016282,408.6840392458711,404.6303529004273,408.1711730957031,13492900
2024-08-28,409.1969879073614,409.3153393341326,401.7306743732061,404.9756164550781,14882700
2024-08-29,409.25610570352524,416.268697643249,404.9755591436319,407.4610290527344,17045200
2024-08-30,409.90708149754283,411.7711764633265,406.4846126518204,411.4259948730469,24308300
2024-09-03,412.18542969380115,414.1284456363182,401.45446023053216,403.8314514160156,20313600
2024-09-04,400.34985575804666,405.6068322704441,398.8309422223781,403.29888916015625,15135800
2024-09-05,402.0363961545014,407.4413416778363,400.5668158804491,402.7958679199219,14195500
2024-09-06,403.45661559720963,405.0248318616353,395.30975302270036,396.19744873046875,19609500
2024-09-09,401.6615826272171,403.0522719406784,396.6413094868822,400.16241455078125,15295100
2024-09-10,402.6084339185776,410.62704280907684,402.1152829853601,408.5262451171875,19594300
2024-09-11,409.8084532189213,418.1821469994098,403.9695325309428,417.24517822265625,19266900
2024-09-12,417.51145302107784,421.5158363092752,414.0002206806835,421.1509094238281,17395700
2024-09-13,419.9969351521576,425.914746697553,419.6320082561189,424.6917419433594,15874600
2024-09-16,424.70160374609685,427.5914610863902,422.3542004104568,425.43145751953125,13834700
2024-09-17,434.1997005769437,435.79750485485505,426.3487157034463,429.18927001953125,18874200
2024-09-18,429.04132931995406,430.05721907964937,424.5142071811442,424.9087219238281,18898000
2024-09-19,435.18597071101885,435.45226137137865,430.91526689777044,432.6807556152344,21706600
2024-09-20,431.23091793236443,433.22323693457605,428.27201223229315,429.3076171875,55167100
2024-09-23,428.33121902605126,430.48135010026584,424.4945200082598,427.57177734375,15128900
2024-09-24,427.0687217553129,427.4139334394583,420.2632446802758,423.29119873046875,17015800
2024-09-25,423.94215074360574,427.1870925626301,422.69943076362244,426.19091796875,13396400
2024-09-26,429.1301061037402,429.3372210826113,423.251754987828,425.4018859863281,14492000
2024-09-27,425.60903951360433,425.9345360380006,421.61452834728004,422.156982421875,14896100
2024-09-30,422.3443332995087,424.52408219664926,419.54323948144145,424.40570068359375,16807300
2024-10-01,422.58108089859957,422.61066875300435,413.07311568923785,414.9273681640625,19092900
2024-10-02,416.7914652693021,417.0281982052677,411.00187763203274,411.4161376953125,16582300
2024-10-03,411.90926344701154,413.8029462214933,408.61501874387466,410.8341979980469,13686400
2024-10-04,412.5109097932594,414.00023534021534,409.28571331626097,410.36077880859375,19169700
2024-10-07,410.30158600641573,411.3963666559109,403.3974727803463,403.9300842285156,20919800
2024-10-08,405.2714281620606,409.9662346464486,402.5788433485802,409.02923583984375,19229300
2024-10-09,410.16348810998284,414.6215919010832,408.62485957486433,411.7415771484375,14974300
2024-10-10,409.54216908706456,411.63312440285347,407.49064417755886,410.143798828125,13848400
2024-10-11,410.4396908978323,411.41612015597997,407.589263932771,410.6172180175781,14144900
2024-10-14,412.0473312101826,418.2314633461143,411.80075573680847,413.3985900878906,16653100
2024-10-15,416.39697063938524,416.6928792987612,409.57177766327413,413.00408935546875,18900200
2024-10-16,409.4829531752425,410.65662468764714,404.85719508098555,410.419921875,15508900
2024-10-17,416.57447660649984,416.7125733271007,409.89722324961605,411.0117492675781,14820000
2024-10-18,411.42598973201757,413.9015870376485,410.55803924257515,412.4320068359375,17145300
2024-10-21,410.41998166329415,413.22107571933117,408.08245074925037,413.0435485839844,14206100
2024-10-22,412.75746835174544,424.68185459098345,412.31365056093216,421.6539306640625,25482200
2024-10-23,424.9580432083023,425.17503084101816,416.74216121867397,418.7838134765625,19654400
2024-10-24,419.5037748840412,420.144895200207,416.6139175340375,418.9120178222656,13581600
2024-10-25,420.914242666979,426.5953216047658,420.72684288279277,422.2851867675781,16899100
2024-10-28,425.7470788183642,426.02324214447043,420.46048501920137,420.74652099609375,14882400
2024-10-29,422.1372070838931,427.23640107681365,419.96733089551304,426.0331115722656,17644100
2024-10-30,431.4478478322281,432.4933252984183,426.1810000026826,426.6051025390625,29749100
2024-10-31,409.6703738017444,410.4594334413064,400.73448031809437,400.7838134765625,53971000
2024-11-01,403.40742291737325,409.80851377749275,401.9180971463978,404.748779296875,24230400
2024-11-04,404.18650910637746,404.7980415718176,400.01447130701087,402.8648681640625,19672300
2024-11-05,402.7760918050739,409.2166418436789,402.4900558335031,405.8237609863281,17626000
2024-11-06,406.77063429083336,414.6906371773605,404.89663664059157,414.42431640625,26681800
2024-11-07,415.5092398399127,421.0029483375747,414.12842327754487,419.6023864746094,19901800
2024-11-08,419.4939322441371,420.65776126477715,416.0024150826717,416.75201416015625,16891400
2024-11-11,416.7322586188732,418.9908983471605,410.3015812107333,412.2840576171875,24503300
2024-11-12,412.5207686609151,418.6259798148705,411.485163708279,417.23529052734375,19401200
2024-11-13,415.8643474786666,423.4489813965326,412.4813090867046,419.3755798339844,21502200
2024-11-14,419.17832483529844,422.30491523139983,414.24681513135374,421.0424499511719,30246900
2024-11-15,414.06929022111444,417.0084507566798,407.9739514183208,409.3153076171875,28247600
2024-11-18,409.18708769998454,412.6687324009395,406.4550421174999,410.0649108886719,24727000
2024-11-19,407.45119206262405,412.2150474297726,405.9125633985823,412.0671081542969,18133500
2024-11-20,411.1596854793811,411.57394553855335,404.9558378403451,409.798583984375,19191700
2024-11-21,414.5818162626976,414.85853235917494,405.47980199521203,408.029541015625,20780200
2024-11-22,406.547145598137,412.50644943843054,406.2407824115055,412.11114501953125,24814600
2024-11-25,413.4749606494442,416.14328803070504,409.9863472135053,413.8801574707031,27691100
2024-11-26,414.67080652096905,424.0100286609721,413.93949178519347,422.9723205566406,23458900
2024-11-27,420.12608556589345,422.22125646736464,417.07231569319254,418.03094482421875,18332400
2024-11-29,415.16493646523105,419.8987878079345,412.90177557031507,418.49542236328125,16271900
2024-12-02,416.62759418862754,427.92358362660957,416.37063273208213,425.9272766113281,20207200
2024-12-03,424.80061260374794,427.3997836787713,422.72522667678595,426.1446838378906,18302000
2024-12-04,427.95320145991604,434.5153692878957,427.5578970490266,432.291748046875,26009400
2024-12-05,432.7859063083414,439.44687793021666,431.0564230401268,437.4307861328125,21697800
2024-12-06,437.1145294101148,440.8699968788184,436.5907442566123,438.3696594238281,18821000
2024-12-09,437.4110061952819,443.0738089240489,435.3356203613735,440.7908935546875,19144400
2024-12-10,439.1800467406791,444.34871163189086,436.42274787532307,438.1324462890625,18469500
2024-12-11,438.84401807874156,445.0701760009867,438.84401807874156,443.7261047363281,19200200
2024-12-12,443.8446923743848,450.81205740820604,443.8446923743848,444.2894287109375,20834800
2024-12-13,443.1825720342727,446.13750815775296,440.3560864798084,442.0262756347656,20177800
2024-12-16,442.02626356510217,446.8787030896928,440.0596036741231,446.2956237792969,23598800
2024-12-17,445.7223931965137,449.95221350533063,444.2992732645948,449.1319274902344,22733500
2024-12-18,446.02882636391814,447.3432204529913,431.89645846414146,432.26214599609375,24444500
2024-12-19,436.44249480171817,437.9842031344139,431.2046434354816,431.90631103515625,22963700
2024-12-20,428.0323101896431,438.53769150433186,423.60485191230276,431.4814147949219,64263700
2024-12-23,431.619738686297,432.5190736490341,427.755575118412,430.147216796875,19152500
2024-12-24,429.55422661934296,434.44620567192754,429.0996280307953,434.1793518066406,7164500
2024-12-26,433.9322924323696,435.7705018127553,431.5110338839644,432.9736633300781,8194200
2024-12-27,429.5048352492743,430.117561657289,421.351556737901,425.4825439453125,18117700
2024-12-30,421.0649558192297,422.5374777077036,416.9537232035626,419.849365234375,13158700
