Date,Open,High,Low,Close,Volume
2020-01-02,5.934968570207183,5.963804244995117,5.8845060207937,5.963804244995117,237536000
2020-01-03,5.844233913695736,5.912097802856729,5.8193753167124,5.868346691131592,205384000
2020-01-06,5.775128136185318,5.898177473983396,5.749026818972195,5.8929572105407715,262636000
2020-01-07,5.921295338837738,6.010040281790685,5.876301509096684,5.964300632476807,314856000
2020-01-08,5.960073940201328,6.016751479720285,5.920051929536978,5.9754862785339355,277108000
2020-01-09,6.0617445441120035,6.113450263336091,5.987417691261928,6.041111946105957,255112000
2020-01-10,6.148254313226695,6.178581626426708,6.0592609099923775,6.073430061340332,316296000
2020-01-13,6.156456910250187,6.288952489506994,6.133835297475145,6.263845443725586,319840000
2020-01-14,6.221088269155128,6.246444236201566,6.133834971804429,6.147010326385498,359088000
2020-01-15,6.1596876252794495,6.1820603134908225,6.0786488611606115,6.104501724243164,263104000
2020-01-16,6.1579499432133975,6.193994896537789,6.134582977931164,6.188028812408447,284192000
2020-01-17,6.207167801208955,6.214625522525774,6.149247540649398,6.196727275848389,253792000
2020-01-21,6.160184659407499,6.196975416132284,6.129359984155334,6.163416385650635,217916000
2020-01-22,6.208659105515355,6.303867019248585,6.189766591842113,6.21735954284668,239240000
2020-01-23,6.25738300125643,6.294173292221765,6.168638052545545,6.285721302032471,244516000
2020-01-24,6.40106531450616,6.450782516313014,6.172367039643706,6.226558685302734,373512000
2020-01-27,5.922290610131101,6.0219734668079825,5.772891023514302,5.97101354598999,470536000
2020-01-28,6.036886854345319,6.19647847807783,5.98368948838839,6.164162635803223,310976000
2020-01-29,6.149745001380459,6.185789943729785,6.0639828644708,6.103756904602051,258848000
2020-01-30,6.0060631260830695,6.123892669348195,5.951126138120667,6.110468864440918,290504000
2020-01-31,6.064730001738358,6.076662168956458,5.835534813466124,5.8772969245910645,370420000
2020-02-03,5.859149408225992,5.993634007995882,5.852934876956835,5.974244594573975,255564000
2020-02-04,6.115937429917117,6.162422897112003,6.065971787601257,6.14328145980835,271544000
2020-02-05,6.264093401410666,6.274285477663795,6.1502414234516865,6.233517646789551,208220000
2020-02-06,6.26782374742976,6.320274829864502,6.1867849664456935,6.320274829864502,218284000
2020-02-07,6.2802521818150865,6.302376423964702,6.2287948985436135,6.254150867462158,189752000
2020-02-10,6.276772881473703,6.537787009661811,6.271801066388234,6.537041664123535,529608000
2020-02-11,6.645175046983783,6.7739420040767095,6.583277238541487,6.65934419631958,638556000
2020-02-12,6.7120441233812835,6.781399652596957,6.673264825343856,6.774936199188232,374644000
2020-02-13,6.717016762163457,6.798303991866709,6.689672254333135,6.7311859130859375,528016000
2020-02-14,7.140853762856807,7.332512804476498,7.109532184607518,7.2037458419799805,1041924000
2020-02-18,7.100582772620869,7.3906819386275275,7.081193359788082,7.372286319732666,620164000
2020-02-19,7.494590248906968,7.8406206663356475,7.494590248906968,7.822970867156982,694332000
2020-02-20,7.774994988942748,7.863242571008195,7.3668182731537275,7.673820972442627,810052000
2020-02-21,7.561707956830877,7.586815002385468,7.2253722619940195,7.3101396560668945,768180000
2020-02-24,6.716518843394687,7.006866456625877,6.662078754814775,6.793331623077393,856916000
2020-02-25,6.868404625054031,6.930302438174281,6.412499740881943,6.514171123504639,1055496000
2020-02-26,6.5144194445871815,6.847274989769168,6.512928279510308,6.653378486633301,747732000
2020-02-27,6.340222943534122,6.641191014108092,6.190734008300934,6.283014297485352,906416000
2020-02-28,6.030797972715024,6.7769991482412415,6.014132953557164,6.7175517082214355,1133252000
2020-03-02,6.887436000024887,6.904598685338675,6.491949395482949,6.8757452964782715,890744000
2020-03-03,6.931462850373076,6.991158887369875,6.528265410526086,6.61358118057251,652792000
2020-03-04,6.720786112979837,7.086175961601068,6.646165702503717,7.076724052429199,597408000
2020-03-05,6.877486969671298,7.044138573937588,6.753120114977706,6.797643661499023,540328000
2020-03-06,6.6183077710905955,6.675765493007833,6.417330754575252,6.617312908172607,515412000
2020-03-09,5.967121232107211,6.452152122735641,5.924339291244582,6.104919910430908,614160000
2020-03-10,6.381014182098124,6.493939399719238,6.118600526730272,6.493939399719238,580648000
2020-03-11,6.354152046429975,6.3825077726804995,6.033534363514282,6.130540370941162,499964000
2020-03-12,5.607949283641734,5.8730993757296215,5.367672653781858,5.3803582191467285,816540000
2020-03-13,5.733312068605224,5.994979953996098,5.462441346775268,5.990502834320068,634836000
2020-03-16,5.28335358926961,5.623870451229937,4.825434836944395,4.885130882263184,726972000
2020-03-17,4.997308990591307,5.493532962867673,4.750814071544446,5.404237270355225,833632000
2020-03-18,4.977161561552436,5.221915344621923,4.494120840313374,5.044816970825195,874268000
2020-03-19,5.023426414589291,5.3908064456390665,4.810261985939699,5.297282695770264,765512000
2020-03-20,5.447268674676942,5.728835253713744,5.102275202274465,5.117696762084961,804636000
2020-03-23,5.1167009402216665,5.384587537043199,4.937861436737908,5.290317058563232,643876000
2020-03-24,5.696003311904587,6.284507700206213,5.672373774240404,6.197947978973389,1101644000
2020-03-25,6.3128613076656235,6.5123457531006785,6.060645342640623,6.1093974113464355,793432000
2020-03-26,6.316343007132028,6.522294753716267,6.218342158638994,6.398425579071045,696108000
2020-03-27,6.21834230027914,6.544680972514538,6.185509460524416,6.2862467765808105,638828000
2020-03-30,6.351664371055623,6.615322467118645,6.307638489346079,6.606119155883789,602252000
2020-03-31,6.646165858837686,6.850127939399178,6.411112532873949,6.55662202835083,949960000
2020-04-01,6.358877293798993,6.5051325489684855,6.0014468918111765,6.0459699630737305,656912000
2020-04-02,6.0750723908705835,6.367583396823031,6.0270670594457165,6.354400634765625,675764000
2020-04-03,6.316840683163334,6.358379163287888,5.929562530422744,6.066863536834717,663212000
2020-04-06,6.348678972084709,6.712825281839305,6.291221263715193,6.6760125160217285,727884000
2020-04-07,6.897385191734249,6.92101519619481,6.399917805827614,6.442948818206787,784520000
2020-04-08,6.551895643674328,6.664820884410163,6.482001425407464,6.639947414398193,542444000
2020-04-09,6.765557136655976,6.7884404027807115,6.477523263677439,6.54045295715332,525564000
2020-04-13,6.480757091589397,6.720785167160998,6.392456735653417,6.7120795249938965,398408000
2020-04-14,6.840177873439645,7.096870991524128,6.8125684130235316,7.0627946853637695,530948000
2020-04-15,6.894898714057057,7.0682662463296895,6.849629373283734,6.985437870025635,366148000
2020-04-16,7.140647674170319,7.437138127768252,7.127464912267185,7.3301825523376465,745620000
2020-04-17,7.41226513448081,7.433656345818027,7.137165873276941,7.270984649658203,539120000
2020-04-20,7.144627829354325,7.300335006334705,7.095627159726841,7.139901638031006,449388000
2020-04-21,7.0220011645795735,7.08318925121462,6.643925834474063,6.703621864318848,735160000
2020-04-22,6.8956450294305265,7.160297985277611,6.850127091236819,7.117515563964844,483356000
2020-04-23,7.1595510947877585,7.291379655385693,7.039163692591461,7.064285755157471,424160000
2020-04-24,7.054087978242391,7.205068949035195,6.979467582590378,7.2030792236328125,352328000
2020-04-27,7.33739567875183,7.549068019332365,7.312770810511695,7.389380931854248,479388000
2020-04-28,7.536632034839591,7.566480291999541,7.241634092483355,7.247106075286865,442904000
2020-04-29,7.381671326882136,7.476439012322255,7.306553724860844,7.423707485198975,379160000
2020-04-30,7.369732449705098,7.423707914343984,7.256061414449958,7.26999044418335,375916000
2020-05-01,7.0727439323957615,7.185917767812462,6.985438429326991,7.033692836761475,342096000
2020-05-04,6.986432764934915,7.259045096885763,6.986432764934915,7.245364665985107,317556000
2020-05-05,7.349336431311147,7.468728519073253,7.245365430153509,7.306305408477783,368896000
2020-05-06,7.385649386962077,7.511757355632686,7.347841761181275,7.407040119171143,323464000
2020-05-07,7.546084248410527,7.646323918023772,7.4948452521720315,7.583145618438721,373732000
2020-05-08,7.6547801034035805,7.779146962839616,7.620952397339861,7.772928714752197,339216000
2020-05-11,7.7679559822995365,8.071411503262857,7.739351653989757,8.024649620056152,469060000
2020-05-12,8.08235371634575,8.131105315022058,7.753279002014851,7.762979507446289,493060000
2020-05-13,7.877396787105867,8.037581075925017,7.556281469377941,7.740593433380127,625852000
2020-05-14,7.802031017743821,7.995297231347669,7.648562162805694,7.989825248718262,602312000
2020-05-15,7.849786375477367,8.457442491393842,7.834116221625606,8.447742462158203,987660000
2020-05-18,8.71612984047994,8.871339869496333,8.636535099780891,8.705931663513184,774460000
2020-05-19,8.74572658115145,9.041470783714418,8.71836571880114,8.760899543762207,717320000
2020-05-20,8.945458854708415,8.997195509235931,8.843726673941868,8.924565315246582,587536000
2020-05-21,9.005652192681852,9.006646580896131,8.693242552685641,8.730801582336426,761068000
2020-05-22,8.780549550249997,9.046944125761256,8.669117319003607,8.980531692504883,1038764000
2020-05-26,9.110371082978151,9.135245028089948,8.628076531061675,8.67359447479248,770780000
2020-05-27,8.581315266741862,8.589025573529495,7.956247166584829,8.482070922851562,1175892000
2020-05-28,8.369639419944306,8.716125833839921,8.336806580777488,8.444011688232422,734896000
2020-05-29,8.511169349529405,8.830543518066406,8.44202141149652,8.830543518066406,745256000
2020-06-01,8.788508028577247,8.79596973608388,8.645485958689513,8.76164436340332,389876000
2020-06-02,8.7516956542315,8.792487396907989,8.614145567728748,8.780548095703125,391320000
2020-06-03,8.777564844600539,8.821341654091105,8.655933498137044,8.725081443786621,365440000
2020-06-04,8.687753825722185,8.902011297144291,8.637486770862257,8.72607707977295,424280000
2020-06-05,8.753946142732019,8.955511743980372,8.667844854375696,8.878867149353027,481748000
2020-06-08,8.83631482994791,8.848756999932231,8.645698165784353,8.764398574829102,387736000
2020-06-09,8.759419922333098,9.067741148131212,8.710894803734508,9.004284858703613,468488000
2020-06-10,9.125476073854845,9.456193647383984,9.111291031556593,9.32355785369873,632180000
2020-06-11,9.107810685610414,9.218547656773927,8.745489651692493,8.755692481994629,583652000
2020-06-12,9.120253553153576,9.144889191834984,8.663120633618279,8.891313552856445,570908000
2020-06-15,8.774602299815214,9.139909650009946,8.703431219632431,9.131448745727539,400004000
2020-06-16,9.18246298281425,9.224020423826694,8.797993526540031,9.026683807373047,535716000
2020-06-17,9.07172781257394,9.256122973976474,9.028427490860382,9.193413734436035,408304000
2020-06-18,9.184453472998934,9.239697586467326,9.072472033633701,9.175495147705078,254408000
2020-06-19,9.19988217763818,9.401447821597749,9.184702291926113,9.218544960021973,524160000
2020-06-22,9.257119455133502,9.48730301044965,9.23049223290919,9.482823371887207,398468000
2020-06-23,9.50695670229558,9.598035045360707,9.364119052798372,9.40642261505127,375108000
2020-06-24,9.432557149672629,9.512437874243508,9.102336846961384,9.192917823791504,449372000
2020-06-25,9.31260789639529,9.461169689973298,9.139907896509927,9.44623851776123,376072000
2020-06-26,9.456195773769487,9.456195773769487,9.082924887962797,9.112786293029785,592084000
2020-06-29,9.12746645295521,9.162056197776709,8.858959737939557,9.157576560974121,342248000
2020-06-30,9.271053714697091,9.48232479694981,9.22377307669493,9.453956604003906,367892000
2020-07-01,9.476850244240778,9.53159694518685,9.369597135978692,9.48605728149414,326648000
2020-07-02,9.594555539183766,9.692601616807512,9.534085643354649,9.5679292678833,364056000
2020-07-06,9.696830190680364,9.86305996516813,9.66771491923515,9.793880462646484,315892000
2020-07-07,9.900386604188158,10.023565712221714,9.805326973795573,9.8262300491333,357800000
2020-07-08,9.947668620000956,10.177853089859866,9.919549138442747,10.168893814086914,365480000
2020-07-09,10.332385556783915,10.521260318665224,10.186311788352297,10.460541725158691,494548000
2020-07-10,10.539924201198593,10.606117275097947,10.330892492239586,10.430929183959961,497676000
2020-07-13,10.546146184871182,10.74248607038914,9.978773838195186,10.005898475646973,457076000
2020-07-14,10.028541788495506,10.354780666830045,9.740376500694476,10.32914924621582,542676000
2020-07-15,10.366227924927914,10.384890705042778,10.009380570559676,10.180089950561523,403984000
2020-07-16,9.968823396309162,10.159688854279503,9.849874224846475,10.088021278381348,344964000
2020-07-17,10.17835232208922,10.201246038158663,10.041237786998343,10.154462814331055,266284000
2020-07-20,10.226874817153762,10.482689743606029,10.109916313278463,10.462284088134766,284852000
2020-07-21,10.464522279095037,10.51130643491116,10.239315860666807,10.28087329864502,277036000
2020-07-22,10.319694993925742,10.553611049792725,10.244045222912812,10.390616416931152,367292000
2020-07-23,10.401814053155686,10.498366900172412,9.984995131598533,10.083041191101074,411660000
2020-07-24,9.829466600023125,10.316958282802545,9.731918901066056,10.147493362426758,473292000
2020-07-27,10.185067234875442,10.393600550017624,10.170633482181762,10.373444557189941,292132000
2020-07-28,10.326415496640456,10.33412932148868,10.162176337630433,10.168396949768066,271636000
2020-07-29,10.342836785635788,10.467757814861779,10.299288712626408,10.417242050170898,284508000
2020-07-30,10.327160428519084,10.574017034136663,10.24777809844735,10.565058708190918,308880000
2020-07-31,10.514540683956733,10.716854345267036,10.384891311193567,10.565803527832031,386080000
2020-08-03,10.683011944240379,11.047573183866636,10.665841424159556,10.959481239318848,412720000
2020-08-04,10.999051446235523,11.175981521606445,10.85571534050417,11.175981521606445,310336000
2020-08-05,11.192154590342838,11.31931498345862,11.114762888879284,11.23470687866211,249924000
2020-08-06,11.297414876107878,11.305627070056174,11.127203842921766,11.283230781555176,244316000
2020-08-07,11.260338450705653,11.45170224316212,10.986606845979392,11.147859573364258,342516000
2020-08-10,11.281985893399753,11.355644071852428,10.806438122163634,11.113515853881836,427796000
2020-08-11,11.022686125227102,11.0853962946979,10.745968163927468,10.799968719482422,354512000
2020-08-12,10.940071438029333,11.414125122757872,10.907721031284495,11.38749885559082,464412000
2020-08-13,11.492759691857554,11.66770001890963,11.303387509274067,11.39023494720459,374460000
2020-08-14,11.47683562197929,11.650780187159281,11.387748824908543,11.510679244995117,366436000
2020-08-17,11.796604678443401,12.352529775171735,11.762762003676976,12.280115127563477,621300000
2020-08-18,12.392591435062732,12.438379802232884,12.030519221573105,12.204214096069336,503448000
2020-08-19,12.23979858343999,12.258212653513244,12.042213276333214,12.082527160644531,622624000
2020-08-20,11.919781339780561,12.317936482744432,11.823974635542019,12.085015296936035,921388000
2020-08-21,12.145487093065004,12.749688543498525,12.139016821784638,12.625016212463379,999868000
2020-08-24,12.824343188832731,12.85296104070654,12.449827806001334,12.66159725189209,490564000
2020-08-25,12.572511247772661,12.702409372757435,12.515773906574502,12.691211700439453,289076000
2020-08-26,12.740228724017731,12.809159499190718,12.619288979359826,12.714099884033203,321244000
2020-08-27,12.722563774605414,12.790748434338262,12.508554997682598,12.57002067565918,317604000
2020-08-28,12.616554072790118,13.087372581370376,12.584203668831243,13.08712387084961,537160000
2020-08-31,13.12196361348135,13.51240499533192,12.977632707337218,13.312829971313477,500840000
2020-09-01,13.421856199944589,13.933390315737588,13.378543881864474,13.761385917663574,511316000
2020-09-02,14.640329615319995,14.66323112605834,13.840046302454015,14.284621238708496,874012000
2020-09-03,13.769101909402469,13.8246113357648,12.823199748148971,12.959360122680664,945128000
2020-09-04,12.728609755391352,13.118172794342433,11.654264257485755,12.568056106567383,1463684000
2020-09-08,11.683885878412541,12.495868665952957,11.653766757408798,11.861616134643555,795728000
2020-09-09,12.346515345038622,12.75400040657726,12.17899096545241,12.660157203674316,736200000
2020-09-10,12.933223515687224,13.008895916801286,12.114519770501584,12.258646011352539,698684000
2020-09-11,12.431647488239708,12.597926996342265,11.844440927572224,12.112031936645508,636928000
2020-09-14,13.024580864483617,13.257570858186414,12.57677072754428,12.816730499267578,1201744000
2020-09-15,13.22271812799774,13.241387442148234,12.772419322351125,12.934965133666992,727556000
2020-09-16,12.901363965653177,13.036279497509602,12.459777250368292,12.46052360534668,556384000
2020-09-17,12.079919058916289,12.53544615204914,11.982839763543263,12.409740447998047,792512000
2020-09-18,12.539429199310245,12.578011754525583,11.937039210189646,12.136673927307129,698460000
2020-09-21,11.873567998481459,12.468490845765102,11.853156232092287,12.463263511657715,721044000
2020-09-22,12.5207622481134,12.593447344321817,12.103072204677165,12.58324146270752,646452000
2020-09-23,12.521259187948008,12.672106440614145,12.027150399322249,12.071457862854004,647012000
2020-09-24,12.020180820740766,12.515285706992461,11.962181636898192,12.294740676879883,731240000
2020-09-25,12.393811062020282,12.82793035635289,12.192931457497625,12.818222045898438,588016000
2020-09-28,12.984003310472113,12.995454064553032,12.695005420616106,12.978775978088379,573808000
2020-09-29,12.881698289843444,13.384769035049606,12.877467046243323,13.168704986572266,621460000
2020-09-30,13.100748073599721,13.563742542883896,13.093529512118515,13.472139358520508,689184000
2020-10-01,13.698657000160974,13.70338581276722,13.402688405534297,13.55577564239502,525004000
2020-10-02,13.167959153584208,13.46118833485087,12.994708902423616,13.005910873413086,552496000
2020-10-05,13.178909786872856,13.585398755238357,13.165716588093956,13.583656311035156,479820000
2020-10-06,13.770350590708075,14.081005195924398,13.606062280172727,13.677253723144531,784420000
2020-10-07,13.939365681751335,14.058350407618336,13.803702868616245,13.903769493103027,418084000
2020-10-08,14.014292260405256,14.023751786873135,13.698660090271776,13.779061317443848,378900000
2020-10-09,13.707621361148332,13.764624457346555,13.601829820935107,13.703389167785645,346892000
2020-10-12,13.929160708195548,14.285118819607398,13.852493157883188,14.164640426635742,434744000
2020-10-13,14.234837322926795,14.286613084948678,13.958285283848605,14.186795234680176,344604000
2020-10-14,14.228861750713278,14.280886294295177,13.899787616295503,14.034454345703125,276100000
2020-10-15,13.751180888345079,13.945339502121929,13.70836613749125,13.909744262695312,267224000
2020-10-16,13.976203155399284,14.060587766041294,13.73300641696344,13.751924514770508,242392000
2020-10-19,13.843032985585035,13.92318542080633,13.348923276048108,13.439531326293945,298068000
2020-10-20,13.524908470657572,13.740226109835254,13.448738508609205,13.586641311645508,229212000
2020-10-21,13.56623229376561,13.732014232770208,13.419368456639658,13.466414451599121,219596000
2020-10-22,13.46417579046509,13.553040456540899,13.174679330506805,13.303372383117676,290480000
2020-10-23,13.391986202058305,13.534618788168892,13.233921352971006,13.531631469726562,233484000
2020-10-26,13.36908784573915,13.633691566965796,12.982263278351981,13.084569931030273,336896000
2020-10-27,13.248607109488976,13.384021132448181,13.134600935706988,13.338966369628906,250520000
2020-10-28,13.141073702441242,13.20280655451587,12.554614456414914,12.57253646850586,376520000
2020-10-29,12.78312583190054,13.13584785804943,12.695007521608149,12.967825889587402,320080000
2020-10-30,12.794575514658112,12.880701638769581,12.246947595239426,12.479938507080078,416820000
2020-11-02,12.603152981885287,12.781380795725333,12.341536637952245,12.526485443115234,299652000
2020-11-03,12.65368237275663,13.04847172342942,12.548388437005105,12.963340759277344,272900000
2020-11-04,13.331496975863299,13.767857179588608,13.279472440749407,13.734749794006348,410228000
2020-11-05,14.1014143855421,14.277152471503854,13.930653897861085,14.09892463684082,319028000
2020-11-06,14.048891455608413,14.525825518344906,13.835068378723031,14.499191284179688,383348000
2020-11-09,14.489731966855251,14.628132371643925,13.552044345915604,13.5719575881958,582976000
2020-11-10,13.54781019802429,13.54781019802429,12.573780172122872,12.714919090270996,644068000
2020-11-11,12.997446446842183,13.377052414591688,12.892401270410012,13.360125541687012,404744000
2020-11-12,13.420862549659276,13.706624366727366,13.258565493925284,13.39870834350586,365812000
2020-11-13,13.568469322614055,13.60979040579543,13.002919519022784,13.239644050598145,346312000
2020-11-16,13.115684649662638,13.590627511150926,13.099256295266624,13.45695686340332,413776000
2020-11-17,13.494047103867059,13.537608217829746,13.246370241998301,13.364358901977539,312028000
2020-11-18,13.407171172523759,13.547065230799866,13.128130360392811,13.370828628540039,510924000
2020-11-19,13.155758820653855,13.429323476395687,13.04349510107986,13.382277488708496,565936000
2020-11-20,13.395967937592868,13.436292933287069,13.008644962843594,13.03129768371582,341088000
2020-11-23,13.114440599717943,13.324778798429607,12.959362101310216,13.083325386047363,361356000
2020-11-24,13.085812968215139,13.105228639441574,12.829423935275962,12.901860237121582,346500000
2020-11-25,12.976289464632114,13.212266767837656,12.963843568606508,13.177666664123535,259916000
2020-11-27,13.317309884312802,13.34966996860032,13.113691752498204,13.204050064086914,167276000
2020-11-30,13.207784048659422,13.354647870792293,12.916296418336144,13.343694686889648,286952000
2020-12-01,13.434055855874425,13.47039840179349,13.171193648207254,13.332246780395508,296948000
2020-12-02,13.29291480796753,13.614521552293276,13.177166196219103,13.486078262329102,283360000
2020-12-03,13.532891248388985,13.605100097734832,13.275431014926465,13.342161178588867,199520000
2020-12-04,13.394447836338603,13.505500435655625,13.334938377043462,13.50375747680664,202244000
2020-12-07,13.546586206055725,13.676063849403539,13.445743434248142,13.552063941955566,223244000
2020-12-08,13.530401856332638,13.544096671002487,13.228121449551065,13.296346664428711,271920000
2020-12-09,13.247041395558922,13.36008484939437,12.816528709377115,12.878777503967285,401300000
2020-12-10,12.817278981162264,13.01622611811567,12.797856623609862,12.920113563537598,207764000
2020-12-11,12.91513334344989,12.967671921625609,12.77146318057453,12.960948944091797,209264000
2020-12-14,13.035398774169177,13.334939820019592,13.024941019943634,13.255261421203613,270156000
2020-12-15,13.38573457742504,13.409887145651437,13.133752090709104,13.306803703308105,193016000
2020-12-16,13.368552602157862,13.383243798398896,13.159396585899268,13.189276695251465,223116000
2020-12-17,13.313024073152862,13.325723449493552,13.125531126750909,13.287627220153809,231384000
2020-12-18,13.325228761653179,13.351124288994596,13.017969301504321,13.218659400939941,342064000
2020-12-21,13.02220170883082,13.316265019825284,12.915382540524025,13.278666496276855,302332000
2020-12-22,13.26571770440206,13.283645009703203,13.001533585511854,13.224882125854492,185580000
2020-12-23,13.202723635386256,13.221647327480651,12.952732952772793,12.956965446472168,179144000
2020-12-24,12.98485057196713,13.079717874685622,12.886747159830435,12.94152545928955,97884000
2020-12-28,13.010000389047383,13.010000389047383,12.711953456949022,12.848153114318848,212564000
2020-12-29,12.873053464210267,13.019960686571482,12.790635724681074,12.891229629516602,170372000
2020-12-30,12.938041042133536,13.16064303299953,12.844917637300343,13.092916488647461,225396000
2020-12-31,13.083704508417757,13.098145898291843,12.863094326087117,13.002532005310059,192424000
2021-01-04,13.051584224791647,13.597631016115521,12.91040358098089,13.060796737670898,560640000
2021-01-05,13.04710135296224,13.389469813350296,13.03440292226786,13.350875854492188,322760000
2021-01-06,13.169359986011573,13.19176959882881,12.53541860648144,12.563803672790527,580424000
2021-01-07,12.915383948161406,13.323985833376165,12.834710106530759,13.29037094116211,461480000
2021-01-08,13.30879652893053,13.36706075733227,12.989584240660953,13.223390579223633,292528000
2021-01-11,13.36481712213483,13.904888339693949,13.30879358227213,13.566752433776855,518344000
2021-01-12,13.697228086074581,13.699220853511294,13.291366518342056,13.430554389953613,291476000
2021-01-13,13.435781431552286,13.570239074194301,13.331203898280512,13.477363586425781,210028000
2021-01-14,13.520440755047291,13.545091039577693,13.12752650374872,13.147196769714355,283120000
2021-01-15,13.174833267369788,13.271692381711922,12.796859128798951,12.807814598083496,277780000
2021-01-19,12.963937693664844,13.041375423637568,12.79238016702357,12.972902297973633,226188000
2021-01-20,13.059051941538538,13.376521226677053,13.004273639082106,13.312031745910645,258572000
2021-01-21,13.364570804688677,13.942987225711319,13.199736263087742,13.811766624450684,337780000
2021-01-22,13.684775449054728,13.786116863978856,13.572478564889552,13.65738582611084,246820000
2021-01-25,13.72635884482473,13.772921018082734,13.183300345613404,13.59837532043457,251112000
2021-01-26,13.525919807719731,13.589911580254576,13.333695631638935,13.381254196166992,163980000
2021-01-27,13.176827521248605,13.179566863996952,12.742331097480742,12.865833282470703,371272000
2021-01-28,12.944015254863068,13.286134786684336,12.908408554743174,12.998544692993164,228316000
2021-01-29,13.022452108878888,13.281158552748106,12.85960937349945,12.937544822692871,271552000
2021-02-01,13.000788099819756,13.217413681369504,12.85089267680462,13.183799743652344,217204000
2021-02-02,13.344900937302837,13.517453895988597,13.232105357802928,13.502265930175781,220440000
2021-02-03,13.581197172944663,13.875759181686776,13.462178228664209,13.47612190246582,245408000
2021-02-04,13.476617397100561,13.618544596229361,13.284144388776067,13.609332084655762,201340000
2021-02-05,13.66984014110473,13.682040855642152,13.49130982557148,13.536377906799316,169152000
2021-02-08,13.67207952886359,14.415579319657386,13.67207952886359,14.380720138549805,434624000
2021-02-09,14.283112900004856,14.524638573331769,14.165338264412211,14.205924987792969,287560000
2021-02-10,14.40512039530339,14.845094516583352,14.283859846653357,14.704910278320312,485352000
2021-02-11,14.920043907883057,15.21087016144193,14.865015793501902,15.18945598602295,450828000
2021-02-12,14.989511461890103,15.22979187160144,14.715616167747536,14.901118278503418,374756000
2021-02-16,15.003704102440429,15.31071561660101,14.889913111064672,15.268634796142578,321960000
2021-02-17,15.11002559817303,15.162315316732863,14.720597275681127,14.846091270446777,274756000
2021-02-18,14.66980213100204,14.813472286009498,14.516420797901691,14.769400596618652,233868000
2021-02-19,14.964114181705161,15.116001413378493,14.787078950270823,14.866508483886719,271724000
2021-02-22,14.715370418206222,15.072430094686014,14.267428005030796,14.298054695129395,325884000
2021-02-23,14.018679913027913,14.181523573742238,13.335685999500365,14.085162162780762,391780000
2021-02-24,14.06598916049394,14.448445641095974,13.700712460905951,14.440726280212402,448320000
2021-02-25,13.989048748231403,14.316975775495292,13.163132248759155,13.25401496887207,824436000
2021-02-26,13.69722734472465,13.798817635314652,13.307301288699822,13.659380912780762,500932000
2021-03-01,13.819236639241204,13.869035880161727,13.498780057911683,13.786120414733887,353184000
2021-03-02,13.844134511457842,13.864552302839884,13.34216041278066,13.35236930847168,264116000
2021-03-03,13.372291481457754,13.397439487108313,12.747312819501039,12.753289222717285,377592000
2021-03-04,12.749302617793662,12.922852894444349,12.035184286271841,12.32053279876709,573344000
2021-03-05,12.499560385516855,12.499560385516855,11.632309598213094,12.411416053771973,542840000
2021-03-08,12.399960789446373,12.421125153517597,11.52001165248514,11.54665470123291,543112000
2021-03-09,12.085665759973232,12.570377437106382,12.014926618631605,12.47423267364502,521824000
2021-03-10,12.793306731118925,12.932293687337854,12.41171496237117,12.422425270080566,384376000
2021-03-11,12.902402543037475,12.998299311661766,12.687694727286392,12.9457426071167,299916000
2021-03-12,12.601765255652683,12.84138182759341,12.543729858351645,12.808752059936523,243964000
2021-03-15,12.817466095791916,13.158209097696057,12.72032460470634,13.142765998840332,221988000
2021-03-16,13.307409797577044,13.462836579062207,13.068541055091844,13.242400169372559,272128000
2021-03-17,12.991821311364438,13.403801287265361,12.94175595660161,13.292213439941406,243864000
2021-03-18,13.08821817280706,13.135543248189038,12.670259662780902,12.675739288330078,293896000
2021-03-19,12.703141206459366,12.874011114982835,12.56614673642358,12.798539161682129,299208000
2021-03-22,12.865291623650993,13.345270569661254,12.859313158739914,13.137785911560059,297804000
2021-03-23,13.20553571417136,13.295454030041492,12.973392265762131,13.022710800170898,222048000
2021-03-24,13.102916077650947,13.110887048313957,12.590307315590085,12.59653377532959,245840000
2021-03-25,12.453559661763387,12.66801854798427,12.226895852352571,12.489177703857422,295144000
2021-03-26,12.508359288718777,12.809000478579916,12.328024743744802,12.792062759399414,363968000
2021-03-29,12.773130700711981,13.0144907889492,12.653322911949298,12.900660514831543,273520000
2021-03-30,12.79480328311249,12.927563800366542,12.658306699828916,12.824443817138672,200204000
2021-03-31,12.967665973766012,13.420993698216213,12.934787261773293,13.299193382263184,314776000
2021-04-01,13.522368421618353,13.819023625386853,13.461591793310602,13.760988235473633,308276000
2021-04-05,13.816532577415291,13.962493775777086,13.682526408463117,13.936091423034668,255672000
2021-04-06,13.948297705902563,14.002597032896157,13.722879532840807,13.810555458068848,191744000
2021-04-07,13.829735341708554,14.191152220575374,13.661107830911533,14.091520309448242,251284000
2021-04-08,14.20036660361676,14.418312621618602,14.196629588023145,14.26438045501709,244416000
2021-04-09,14.161760136622581,14.355047386702058,14.122903911178433,14.347076416015625,195172000
2021-04-12,14.237231804937178,15.29607580434181,14.087284632452857,15.15310287475586,869324000
2021-04-13,15.17551855147795,15.642296785961808,15.070157136320923,15.621871948242188,676212000
2021-04-14,15.567575372230744,15.662724385304463,15.171536216754417,15.220854759216309,385500000
2021-04-15,15.604934368238913,16.154656646631395,15.574048168931979,16.077939987182617,598480000
2021-04-16,15.993999997068041,16.10633661100152,15.806940170418816,15.85401725769043,335208000
2021-04-19,15.479397321409937,15.74940120021796,15.177012626643881,15.305289268493652,404420000
2021-04-20,15.266932701181231,15.440044046604253,14.908007196915346,15.11549186706543,334132000
2021-04-21,15.063182531098462,15.306037228333295,15.046743653685485,15.304044723510742,216776000
2021-04-22,15.318491630862203,15.381758649575245,14.729165313862191,14.795670509338379,277788000
2021-04-23,14.879360816606061,15.278638067216274,14.84548633446587,15.209144592285156,227500000
2021-04-26,15.129191549679522,15.422110695504312,15.069411647383998,15.421113967895508,197796000
2021-04-27,15.521243816067019,15.612905694192488,15.298067110638453,15.325217247009277,164572000
2021-04-28,15.308031874143953,15.47516571048191,15.15957931715517,15.220603942871094,209416000
2021-04-29,15.34340000196832,15.379765830719082,15.016107543211453,15.268426895141602,173196000
2021-04-30,15.118728737053257,15.308527889547474,14.941880391047532,14.954334259033203,201912000
2021-05-03,15.06941043878628,15.19071284416774,14.733151247079403,14.782219886779785,203912000
2021-05-04,14.583453950082967,14.583702894438511,13.958758495262643,14.298504829406738,405324000
2021-05-05,14.654938309097338,14.75905499847583,14.334620122131005,14.405359268188477,292024000
2021-05-06,14.441973635991896,14.517694517007266,14.165743307149034,14.469621658325195,193380000
2021-05-07,14.753824629308104,14.915726811597322,14.617825960036255,14.75780963897705,229328000
2021-05-10,14.732900795256858,14.751582071904844,14.197625826750052,14.21331787109375,268904000
2021-05-11,13.774187749389633,14.301990590214329,13.699463592554991,14.253668785095215,285584000
2021-05-12,13.958010377250185,14.20783933441675,13.658864784297744,13.70793342590332,303408000
2021-05-13,13.982170917934267,14.028999059175959,13.409533367126928,13.615025520324707,285404000
2021-05-14,13.838951467039104,14.275341444847527,13.697971040090284,14.190653800964355,258616000
2021-05-17,14.104969746666484,14.11717467222545,13.802585945986333,14.113438606262207,216980000
2021-05-18,14.214563077949034,14.351308574282077,13.952529225125941,13.96423625946045,186256000
2021-05-19,13.516638780467643,14.027753839066552,13.493474603613123,14.014054298400879,344000000
2021-05-20,14.249933897946976,14.629783072668266,14.218051917786887,14.558794975280762,321592000
2021-05-21,15.108017088006374,15.16605342254954,14.814849033504863,14.936649322509766,672992000
2021-05-24,15.156590063922868,15.687133265807587,15.120224232908976,15.554622650146484,554816000
2021-05-25,15.708056734442609,15.760363558877739,15.425598932323531,15.590241432189941,435408000
2021-05-26,15.676422124487875,15.735703186240535,15.528966303165006,15.642297744750977,370440000
2021-05-27,15.64204589079603,15.692111251331175,15.403177177408669,15.431074142456055,581476000
2021-05-28,15.444029177777255,16.21767503645545,15.444029177777255,16.184795379638672,644536000
2021-06-01,16.21020775073869,16.328023072260283,15.8448048527253,16.204727172851562,472804000
2021-06-02,16.19252112571894,16.85657172590824,16.175832350111072,16.71658706665039,594168000
2021-06-03,16.639368724927916,17.19556736897667,16.522051333849653,16.907379150390625,580008000
2021-06-04,17.049605310936567,17.596089458232893,17.032669494095202,17.51364517211914,617120000
2021-06-07,17.5066719180592,17.747034348298172,17.12956302093456,17.554244995117188,575756000
2021-06-08,17.462830794677384,17.556734115441593,17.18759528524921,17.392839431762695,323848000
2021-06-09,17.45537830426716,17.514423962117288,17.19627423364393,17.298419952392578,381656000
2021-06-10,17.290198386485635,17.431709138454295,17.11679834270945,17.364938735961914,287772000
2021-06-11,17.419250155413216,17.877416579612827,17.38362394384522,17.763809204101562,416308000
2021-06-14,17.84427598888684,17.97731494669159,17.601864607504492,17.956636428833008,321376000
2021-06-15,17.853247418996794,17.954148103362822,17.66689173938309,17.727182388305664,243032000
2021-06-16,17.7294277906978,17.892862060192925,17.523887570749032,17.748859405517578,307124000
2021-06-17,17.71323258774539,18.7700763215897,17.69504598066055,18.592939376831055,809656000
2021-06-18,18.71925259251508,19.308215040452524,18.519941225336265,18.57450294494629,968856000
2021-06-21,18.371703230531587,18.472605819565104,17.76131527148521,18.363731384277344,672384000
2021-06-22,18.407826383212395,18.898379965112767,18.322620399758176,18.821643829345703,580144000
2021-06-23,18.942229189755093,19.086729825944072,18.842573513046347,18.991558074951172,332356000
2021-06-24,19.161470004367036,19.3530565919672,19.022449314340957,19.13929557800293,320924000
2021-06-25,19.21404481317408,19.278821304840594,18.829375588695353,18.965404510498047,278364000
2021-06-28,19.294512263445398,20.009539746281707,19.25240821728546,19.916112899780273,495436000
2021-06-29,19.813973729868145,20.029477881913763,19.589250819719723,19.957727432250977,367632000
2021-06-30,19.93031096241236,20.09299819265169,19.795278090307768,19.933549880981445,326568000
2021-07-01,20.055635858060118,20.385494388346057,19.950000307430916,20.142335891723633,480136000
2021-07-02,20.369793862838424,20.434570343264514,20.21781937074688,20.4163818359375,342764000
2021-07-06,20.666018525350328,20.77015813867355,20.280104352666278,20.627153396606445,446708000
2021-07-07,20.781614931327567,20.803040452353898,20.261912992280784,20.301525115966797,418428000
2021-07-08,19.788056528694977,20.063602249461436,19.632843115344528,19.83414649963379,503300000
2021-07-09,19.89369121039719,20.011035507147476,19.68615897824223,19.981138229370117,296624000
2021-07-12,20.170229888571328,20.46197014862544,20.118160092279034,20.441791534423828,321984000
2021-07-13,20.33018116670877,20.390722726429324,20.04466967248551,20.180200576782227,290708000
2021-07-14,20.287574757322712,20.3473673991596,19.684660708468368,19.773103713989258,380100000
2021-07-15,19.743461697812513,19.778589906396334,18.793496553631783,18.900875091552734,550564000
2021-07-16,18.964904144857933,19.090967290639107,18.010704097196164,18.098400115966797,688224000
2021-07-19,17.85350083008128,18.97636621146561,17.80392103012152,18.71502113342285,749060000
2021-07-20,18.66544105629697,18.773068604657446,18.10139195799194,18.547847747802734,434687000
2021-07-21,18.81691585718277,19.45969307152444,18.67739902955173,19.343095779418945,371017000
2021-07-22,19.574287881225263,19.818442222681,19.209548476149813,19.526453018188477,323826000
2021-07-23,19.588247101340414,19.63209605947266,19.183646421770963,19.490585327148438,195672000
2021-07-26,19.244436793032506,19.374983858977348,18.848803969588506,19.227495193481445,203943000
2021-07-27,19.19859503384595,19.55436484344968,18.676401037537744,19.14179229736328,248863000
2021-07-28,19.252409967559455,19.57828250324593,18.929527349738116,19.435775756835938,202191000
2021-07-29,19.451714412193017,19.78456460385741,19.26137283079654,19.594223022460938,190781000
2021-07-30,19.35106921939,19.562338390382465,19.196604690590537,19.431791305541992,183497000
2021-08-02,19.632101727523942,19.892201832175672,19.29426944286701,19.681928634643555,217444000
2021-08-03,19.671959943888986,20.152298936128698,19.15375182359824,19.746702194213867,301811000
2021-08-04,19.921097238700884,20.247967690687908,19.759654974548358,20.204118728637695,231309000
2021-08-05,20.429341450355835,20.661538157940313,20.27188509541774,20.565868377685547,211435000
2021-08-06,20.45325366267707,20.49909462866521,20.140334945269064,20.29579734802246,178497000
2021-08-09,20.37552859826347,20.437315178631003,20.073573440120185,20.22504997253418,146443000
2021-08-10,20.251953978228443,20.359581522672396,19.76663117132434,19.867284774780273,179238000
2021-08-11,19.973906081416615,19.979885914939906,19.363020278370346,19.631092071533203,185925000
2021-08-12,19.801512240234526,19.95996268817905,19.552373948791477,19.83639144897461,151652000
2021-08-13,19.83639035283201,20.144325279245585,19.78257563330717,20.1184139251709,183063000
2021-08-16,20.0655949890892,20.21707147166275,19.385944729446937,19.88123321533203,210876000
2021-08-17,19.61714122334791,19.70184919926469,19.200582885232482,19.39092445373535,204585000
2021-08-18,19.43278053951517,19.566319396687003,18.93450411542504,18.974367141723633,285913000
2021-08-19,19.426802456904166,20.424353301221036,18.697325356525393,19.729755401611328,766555000
2021-08-20,19.922095938403405,20.793084056631617,19.86429718603759,20.744253158569336,675741000
2021-08-23,20.898709903686807,21.921172171699094,20.877782385657483,21.882307052612305,575807000
2021-08-24,21.678021018612597,21.883310344893474,21.46077202046187,21.71788215637207,297299000
2021-08-25,21.66207355456047,22.392546755792843,21.647125866786784,22.136432647705078,347701000
2021-08-26,22.123474959245595,22.262991755856135,21.71488842565147,21.99193000793457,237940000
2021-08-27,22.10753036152277,22.643675947875877,22.090588763919488,22.557971954345703,304722000
2021-08-30,22.751305343048546,22.963570482185514,22.473267719877327,22.60979461669922,262580000
2021-08-31,22.62075674664323,22.62075674664323,22.04763890496798,22.311771392822266,259850000
2021-09-01,22.411450461472807,22.622756886870178,22.283868900667112,22.36759376525879,201767000
2021-09-02,22.444341223157213,22.51909665177635,22.22207110229776,22.32274055480957,187834000
2021-09-03,22.25196732176619,22.9108042435258,22.12737624359529,22.768272399902344,280532000
2021-09-07,22.758307882725695,22.82409196545465,22.4483244181334,22.587867736816406,198107000
2021-09-08,22.439353122725205,22.53603592576677,21.905105352001236,22.26592254638672,254434000
2021-09-09,22.239010734032167,22.464271249955324,22.05860308506016,22.10445213317871,196856000
2021-09-10,22.2748946360381,22.55198511877038,22.197150672313043,22.404470443725586,248376000
2021-09-13,22.609795740171823,22.88888048395177,21.786497552074803,22.07953643798828,297500000
2021-09-14,22.202133951589552,22.336692569612442,22.013753027023114,22.16924285888672,199755000
2021-09-15,22.236020817611784,22.293831645548725,21.894142459272885,22.267915725708008,166538000
2021-09-16,22.110435843651945,22.20412821528791,21.855272750166648,22.16924285888672,156033000
2021-09-17,22.227050730218956,22.247981943060058,21.758588894411496,21.828359603881836,294503000
2021-09-20,21.07682113662466,21.362882875085454,20.594405279462016,21.043930053710938,349440000
2021-09-21,21.3469404733302,21.35491372577289,20.88146906785273,21.17650032043457,204688000
2021-09-22,21.29610478128571,21.888161496452156,21.126660825026075,21.869224548339844,268726000
2021-09-23,22.067574601135654,22.461282925863888,21.818392405906536,22.408456802368164,248555000
2021-09-24,21.997804384215325,22.076546431149566,21.789488429342764,22.00876808166504,217655000
2021-09-27,21.638979428215535,21.72768898320493,21.25524054701434,21.589143753051758,245215000
2021-09-28,21.14460905510224,21.348938417771734,20.583449018016225,20.63129234313965,343069000
2021-09-29,20.87149907318932,20.94824684688675,20.400044932702517,20.44988250732422,218394000
2021-09-30,20.700057620484582,20.997083055000086,20.62031941467112,20.64822769165039,221009000
2021-10-01,20.68212371981342,20.79076641966092,20.13691215457875,20.674150466918945,240978000
2021-10-04,20.43692580745961,20.47480160606298,19.49103082581489,19.667451858520508,345635000
2021-10-05,19.884743123355076,20.580459878195214,19.78905647587681,20.384103775024414,279282000
2021-10-06,20.05418902931884,20.6522249296884,20.014318955368996,20.632291793823242,297202000
2021-10-07,21.023000423462637,21.25224946522736,20.903394046211478,21.006057739257812,256919000
2021-10-08,21.031970810804843,21.136626861467303,20.707037062083213,20.762853622436523,151258000
2021-10-11,20.507691986086755,20.994094515339803,20.443900274983907,20.62729835510254,163388000
2021-10-12,20.759862367878053,20.98811330819256,20.460844548765365,20.603376388549805,162134000
2021-10-13,20.849571259430128,20.921336231312484,20.645241941754325,20.870502471923828,180652000
2021-10-14,21.21836559694219,21.68383706493013,21.052908229325823,21.674867630004883,243589000
2021-10-15,21.738653534036047,21.85925800191469,21.59113886513245,21.790483474731445,226994000
2021-10-18,21.67785122654991,22.21807795415585,21.573193276980525,22.149303436279297,189494000
2021-10-19,22.20313074793577,22.30579445739423,21.964914136514288,22.217086791992188,161473000
2021-10-20,22.232033823134188,22.359615354512936,21.910090500609137,22.03069496154785,146276000
2021-10-21,22.024714435687386,22.63670618326787,22.010760294577082,22.617767333984375,187590000
2021-10-22,22.748339913629675,23.054334844956028,22.48719785150225,22.651657104492188,249384000
2021-10-25,22.897848159028317,23.278598494667374,22.695513113631097,23.09021759033203,230235000
2021-10-26,23.910525487792796,25.176371413393948,23.845737588941468,24.63614273071289,485898000
2021-10-27,24.39394293454579,25.007927133813123,24.20256965592996,24.371017456054688,245990000
2021-10-28,24.79661760339399,24.868382573846535,24.442779360511576,24.859411239624023,234204000
2021-10-29,24.919211901819345,25.624895953536313,24.918215720709906,25.483360290527344,292503000
2021-11-01,25.565096437115333,25.809293921603484,25.144476013269458,25.74251365661621,265740000
2021-11-02,25.737529816984793,26.590728607704555,25.71560052254652,26.314634323120117,294112000
2021-11-03,26.582757025267508,26.696384427226477,26.14918053197211,26.5109920501709,239910000
2021-11-04,27.139928992611882,31.26239905171974,27.02929203332066,29.703516006469727,1153631000
2021-11-05,30.088254873766928,31.297286347184773,29.313796110746594,29.654678344726562,851260000
2021-11-08,30.05037382681619,30.998263036065406,29.809164902811037,30.703231811523438,503101000
2021-11-09,32.17639722764453,32.20430550943804,29.86597932140083,30.556711196899414,646746000
2021-11-10,29.25996714814897,30.749079234219863,28.683856969426465,29.362628936767578,636206000
2021-11-11,30.368332333995184,30.489932984419298,29.679592774599925,30.290586471557617,332172000
2021-11-12,29.911830378451516,30.579638725096128,29.53307238423617,30.290586471557617,413054000
2021-11-15,30.45205524331211,30.54375334062734,29.15132398754459,29.92677879333496,384909000
2021-11-16,29.661652535322734,30.29058701140295,29.608824510774056,30.104198455810547,264484000
2021-11-17,30.31850008011311,30.409203919072276,28.705792629391418,29.165285110473633,428508000
2021-11-18,32.26111820971524,32.65283033546003,31.218538566380822,31.571380615234375,781711000
2021-11-19,32.1375210519031,32.97975795583658,31.80062743099509,32.87709426879883,533867000
2021-11-22,33.40735581710539,34.533660369454104,31.795646751201797,31.851463317871094,754335000
2021-11-23,31.43183688430033,32.254138756366594,30.778978953703707,31.642147064208984,532163000
2021-11-24,31.358084433513884,32.74752344863697,30.82682705345173,32.567115783691406,435162000
2021-11-26,32.49335785082512,32.602998628839266,31.247448733080454,31.399948120117188,283069000
2021-11-29,32.26013201040134,33.30270817410921,31.931209614612694,33.26682662963867,454964000
2021-11-30,33.06049435573746,33.24389436052743,31.759764944757165,32.56910705566406,622066000
2021-12-01,33.114388375070114,33.184167626613956,31.281177159177126,31.33600425720215,484368000
2021-12-02,31.11569943003582,32.37571869369958,30.927293561836475,32.02482604980469,472890000
2021-12-03,31.899227266863253,32.027822639120906,30.035115336865402,30.596343994140625,544325000
2021-12-06,29.78590054452752,30.14576373785318,27.94970234622703,29.942407608032227,658938000
2021-12-07,30.859506976245633,32.34680875654143,30.554469012712545,32.32487487792969,593053000
2021-12-08,31.898228375722542,32.18831231520401,31.32204761084049,31.725772857666016,475551000
2021-12-09,31.63406386343503,32.10358318046431,30.332176907618503,30.39398193359375,488507000
2021-12-10,31.051901151200305,31.206413705262143,29.766960947879433,30.1028995513916,488825000
2021-12-13,30.153740973557664,30.19859933646938,28.02745685315274,28.072315216064453,598344000
2021-12-14,27.61176761656936,28.58768456683166,27.16418223461943,28.247758865356445,667035000
2021-12-15,28.31055963968994,30.403946500307338,27.75032926972712,30.363075256347656,698297000
2021-12-16,31.053897441434426,31.061871670056004,28.004530741243016,28.297603607177734,707366000
2021-12-17,27.896871959169967,28.830921489909592,27.672580135131074,27.713451385498047,713758000
2021-12-20,27.219012340762006,28.05536898927544,27.059516359346297,27.6317081451416,461847000
2021-12-21,28.284643989318436,29.028294944690636,27.314706725168943,28.983436584472656,524385000
2021-12-22,28.80002091891176,29.4619294942851,28.35941146999594,29.307416915893555,395184000
2021-12-23,29.66129326312554,29.964336743268632,29.33831421297981,29.546655654907227,343022000
2021-12-27,29.566592584176444,30.989098625583328,29.546655113197424,30.847545623779297,403686000
2021-12-28,31.213395052745707,31.231338018752773,29.917487766927692,30.226512908935547,420591000
2021-12-29,30.177663603854032,30.451797181054715,29.273518478931255,29.906518936157227,343139000
2021-12-30,29.73307440614619,30.36109160013295,29.446979416775292,29.492834091186523,308864000
2021-12-31,29.58055069803875,29.935430483532848,29.23863045980728,29.318378448486328,266530000
2022-01-03,29.721102254321217,30.61428033320148,29.69119605074854,30.026138305664062,391547000
2022-01-04,30.18165478340745,30.372053287940535,28.25972677192673,29.197763442993164,527154000
2022-01-05,28.857834470045624,29.323364772152377,27.446295212189224,27.517070770263672,498064000
2022-01-06,27.552954288101756,28.348441526045892,26.979766244192536,28.08926010131836,454186000
2022-01-07,28.052377508601495,28.33249270432617,26.971789766731415,27.161191940307617,409939000
2022-01-10,26.4972864282957,27.382490289709768,25.563237098121473,27.31370735168457,594681000
2022-01-11,27.236953065488187,27.976616901866414,26.754478046594247,27.72939682006836,404089000
2022-01-12,27.978612384474925,28.504949514228787,27.52105820708782,27.91082763671875,383413000
2022-01-13,28.2896237954508,28.390305541960913,26.414547239565,26.49130630493164,540171000
2022-01-14,26.21717454542164,27.11135095047714,26.127457823826212,26.857152938842773,395832000
2022-01-18,26.177302480368454,26.554112344866216,25.688845811972694,25.821426391601562,424270000
2022-01-19,25.996870135634115,26.459407663390692,24.97310403064186,24.988056182861328,488315000
2022-01-20,25.22431503185262,25.498448638286458,24.00217414256686,24.07394790649414,435181000
2022-01-21,23.432974653185838,24.744830454694682,23.189743544758542,23.30039405822754,718958000
2022-01-24,22.259678694181396,23.30637129274654,20.82222037714528,23.298397064208984,913982000
2022-01-25,22.4750012913378,22.870752385278564,21.930721138257574,22.253700256347656,664616000
2022-01-26,23.166809579557935,23.98123602247963,22.229769407799456,22.70028305053711,755959000
2022-01-27,23.493783457519353,23.919438849325257,21.60674309968497,21.874897003173828,573353000
2022-01-28,21.94267865750041,22.78601509261585,21.22893388945279,22.7680721282959,543774000
2022-01-31,23.10899542114048,24.43181805477135,22.97940564831107,24.408889770507812,564680000
2022-02-01,25.02494549207549,25.065816744698257,23.814767780089298,24.560413360595703,518925000
2022-02-02,25.712773586139047,25.73569997115753,24.47568045285035,25.162511825561523,543419000
2022-02-03,24.380977535591192,24.998027675942943,23.70511318165473,23.872583389282227,410178000
2022-02-04,23.89650713053911,24.55741930721573,23.557577711661764,24.242414474487305,354829000
2022-02-07,24.29524762592509,25.10269624776117,24.125782912567686,24.650127410888672,376868000
2022-02-08,24.28228698772841,25.150544291203026,23.904480837599923,25.028928756713867,410359000
2022-02-09,25.541309655752155,26.64083667175982,25.27315770145827,26.620899200439453,524282000
2022-02-10,25.91313678658992,26.840206412140088,25.519380273324217,25.742673873901367,513200000
2022-02-11,25.834389619490583,26.06964650484527,23.698138380656843,23.87358283996582,605472000
2022-02-14,23.858625081970295,24.796661591695667,23.680187951780663,24.190576553344727,440424000
2022-02-15,24.870427450931633,26.46140183291644,24.705948074593312,26.41156005859375,699869000
2022-02-16,26.176305909012655,26.498288671486034,25.47153166394175,26.42751121520996,732676000
2022-02-17,25.549287576906618,25.70380014996148,24.08890276641559,24.429824829101562,810595000
2022-02-18,24.590314838865833,24.9073141846699,23.027253892651444,23.567546844482422,761255000
2022-02-22,22.962454160001126,23.988212791235018,22.9275645399824,23.316335678100586,633422000
2022-02-23,23.727044613283795,24.078933611616357,22.230771994916,22.316499710083008,566511000
2022-02-24,20.94881900592277,23.72504833875335,20.82421265561137,23.6732120513916,735801000
2022-02-25,23.64630285356059,24.14073932913622,23.307373366996057,24.080928802490234,528866000
2022-02-28,23.916442673962294,24.58732353254716,23.63234037536328,24.308204650878906,477319000
2022-03-01,24.214500358111323,24.300229958145785,23.0591500185398,23.40306282043457,412056000
2022-03-02,23.685222229370265,24.336276568768735,23.345238595457605,24.147838592529297,389642000
2022-03-03,24.18971640143085,24.2535268091343,23.399079682408747,23.64335060119629,365095000
2022-03-04,23.314335335262864,23.609453022629157,22.415022141047935,22.8676700592041,431415000
2022-03-07,22.749016800661877,22.96437474060364,21.266447763904743,21.288381576538086,450821000
2022-03-08,21.24551242955818,22.306341548855194,20.588475444727642,21.449901580810547,557467000
2022-03-09,22.320303633914452,23.150822137347905,22.180721331376475,22.945436477661133,492742000
2022-03-10,22.463875524126543,22.72010983636164,21.816808864999828,22.590497970581055,428066000
2022-03-11,22.953408821575593,23.076043457185644,21.980316832138143,22.034156799316406,367209000
2022-03-14,21.80384458359265,22.195673358229172,21.095960818464654,21.266450881958008,385354000
2022-03-15,21.45388943534592,22.96936124008591,21.258474245006287,22.90455436706543,491996000
2022-03-16,23.429982841181694,24.523714502325593,23.102960984324504,24.423015594482422,671422000
2022-03-17,24.04813969626861,24.76798684900342,23.834776570421486,24.692214965820312,471941000
2022-03-18,24.725114127062692,26.489841079768297,24.550636279337244,26.37418556213379,730719000
2022-03-21,26.42802540885607,27.07110416186951,25.889633364007818,26.654348373413086,591727000
2022-03-22,26.647371123248757,27.156850275284068,25.994323791878227,26.444976806640625,547007000
2022-03-23,26.04816147769014,26.532713584181124,25.49880439684632,25.557628631591797,502120000
2022-03-24,26.088045093021876,28.23562710130492,25.82981594503605,28.066133499145508,877379000
2022-03-25,27.802917411678866,28.273511278243372,27.189749942659294,27.609495162963867,579016000
2022-03-28,27.67330780734801,28.165835529081235,27.124945266667112,28.13492774963379,425494000
2022-03-29,28.60950676132991,28.85975839254765,27.896636856560235,28.57062339782715,488984000
2022-03-30,28.219672974520872,28.41110037401944,27.42105885059828,27.607501983642578,463487000
2022-03-31,27.69922874957192,28.163840001448694,27.188755016987574,27.2047061920166,523440000
2022-04-01,27.29343862106805,27.41407840137785,26.188740006342908,26.632413864135742,517235000
2022-04-04,26.648369216228314,27.475896299662303,26.533712066907064,27.278486251831055,397120000
2022-04-05,27.17280089255996,27.237607768198263,25.743073244909805,25.853742599487305,436615000
2022-04-06,24.859710266858784,25.224619010193965,23.931484383526115,24.334280014038086,703833000
2022-04-07,24.36818131196346,24.648344247170577,23.40805109513817,24.135875701904297,557992000
2022-04-08,23.845742196501757,23.851724837527705,22.99329001527572,23.050119400024414,524781000
2022-04-11,22.147813889994346,22.2534970579757,21.59546368595663,21.85169792175293,575207000
2022-04-12,22.46985714800616,22.657296773923992,21.218595050115738,21.43993377685547,662258000
2022-04-13,21.66326329916609,22.432962530129032,21.39107597210752,22.1368465423584,516943000
2022-04-14,22.437950489268136,22.70914138808518,21.099949624918715,21.194665908813477,569097000
2022-04-18,21.136836430632233,22.02218926461033,21.016196654972152,21.71809959411621,525701000
2022-04-19,21.655289899939216,22.306344324811956,21.250499340490578,22.131866455078125,512781000
2022-04-20,22.44991555152109,22.602459598625735,21.136839837783892,21.417999267578125,468974000
2022-04-21,21.6443221623934,22.325287868143974,19.940414139309308,20.12286949157715,656209000
2022-04-22,20.24251007228569,20.424965416989473,19.441902979823055,19.456857681274414,624713000
2022-04-25,19.14479141968029,19.885577840769354,19.039108228053102,19.84270668029785,641566000
2022-04-26,19.659252706344454,19.729043844449905,18.614374777282016,18.732023239135742,653143000
2022-04-27,18.542589470786602,19.10989445940128,18.235508451875706,18.360136032104492,499460000
2022-04-28,18.910488306653104,19.977301919519842,18.434910207307524,19.723060607910156,570327000
2022-04-29,19.344193301516768,20.068030059623467,18.461829879065967,18.491741180419922,500435000
2022-05-02,18.48575712100829,19.515678320426133,18.33620442904849,19.474802017211914,572049000
2022-05-03,19.342200337321106,19.7659352569291,19.07599562451621,19.543598175048828,475751000
2022-05-04,19.86363801470655,20.339216036485332,18.695129208779278,20.273412704467773,648855000
2022-05-05,19.807809899114023,19.86563575823811,18.444882087815973,18.787857055664062,626331000
2022-05-06,18.680179051563016,19.453866151773262,17.936401353934347,18.619359970092773,633297000
2022-05-09,17.980265797414063,18.200606067508854,16.776861477285752,16.89949607849121,644455000
2022-05-10,17.636297548198513,18.143781837571737,16.974276274336525,17.542577743530273,761474000
2022-05-11,17.295316703632178,17.70010720962238,16.518638315122686,16.58045196533203,670167000
2022-05-12,16.170675786077656,16.73798070919897,15.520618927510899,16.126806259155273,708728000
2022-05-13,16.737981755398717,17.874584618378165,16.54356304480127,17.65324592590332,670437000
2022-05-16,17.456835364759026,17.735003457169242,17.055036163870508,17.21256446838379,521446000
2022-05-17,18.020147135380373,18.31626309329952,17.581459503770265,18.122840881347656,585830000
2022-05-18,17.6522521071145,18.06402177879582,16.813758061200716,16.887537002563477,545161000
2022-05-19,16.886535872778936,17.63430122078651,16.68413969929211,17.072978973388672,621310000
2022-05-20,17.28035996987774,17.358126686206212,15.708058031276178,16.64426040649414,739105000
2022-05-23,16.225518468716075,16.864609617953146,16.13080216679578,16.847660064697266,639889000
2022-05-24,16.460809506552845,16.547550187898246,15.732984010714674,16.10586929321289,588550000
2022-05-25,15.972275924953209,17.060025375610792,15.952335049741066,16.92443084716797,781132000
2022-05-26,15.9882223241749,18.03809652185166,15.974264096032462,17.797815322875977,996575000
2022-05-27,18.131821105909538,18.824750258238716,18.046076875849245,18.754959106445312,738379000
2022-05-31,18.923450248875827,19.14279599466487,18.295328116993222,18.616369247436523,664100000
2022-06-01,18.668214653926945,18.99623300147652,18.06800706571725,18.265417098999023,544514000
2022-06-02,18.237496981826276,19.56054271848349,18.143777201107206,19.53362274169922,648656000
2022-06-03,19.025149434663984,19.274404605825605,18.466816482062402,18.664226531982422,598779000
2022-06-06,19.081979003796526,19.279389055591135,18.508691344014494,18.730030059814453,422406000
2022-06-07,18.416963933581936,18.94339066834296,18.133809698571795,18.869611740112305,388914000
2022-06-08,18.74695362356912,19.12689931949138,18.4836845843309,18.596372604370117,363252000
2022-06-09,18.429833350813585,18.880581583160353,17.991051027241866,17.998031616210938,395574000
2022-06-10,17.55127599699547,17.648007580932866,16.82229882218963,16.92700958251953,465248000
2022-06-13,15.955703971257755,16.266840472595092,15.562794707707624,15.603681564331055,604153000
2022-06-14,15.687448327103725,16.021520910273885,15.369331242158152,15.792158126831055,469680000
2022-06-15,16.050439932166825,16.821300578805904,15.881908139766276,16.481245040893555,563936000
2022-06-16,15.816091666385807,15.897865381945072,15.358362760963734,15.557808876037598,545749000
2022-06-17,15.604677679322638,15.950717118320277,15.285563915858456,15.83603572845459,630334000
2022-06-21,16.42939011174875,16.960913567479754,16.361577575315028,16.520137786865234,483089000
2022-06-22,16.181077014713374,16.61587073985761,16.135204840649315,16.314706802368164,437135000
2022-06-23,16.473267119438244,16.53908438669256,15.80911149125112,16.180082321166992,463680000
2022-06-24,16.454316515193973,17.092543941061024,16.26484203486428,17.078582763671875,472153000
2022-06-27,17.264072406028497,17.282022223468143,16.579970759321082,16.822298049926758,427968000
2022-06-28,16.853210426478878,17.15437435755345,15.900854507260869,15.937752723693848,461149000
2022-06-29,15.770217280899118,15.776200235548698,15.128000214513376,15.498970031738281,482352000
2022-06-30,15.31847343700277,15.523903457243852,14.820855311845145,15.117033004760742,686070000
2022-07-01,14.857751323588166,15.021296837715987,14.352155016267275,14.482791900634766,577610000
2022-07-05,14.135756008662238,14.92955177197515,14.01608834866183,14.922571182250977,651397000
2022-07-06,14.9684432720513,15.276587784305496,14.748054467101642,15.08811092376709,529066000
2022-07-07,15.413208065905915,15.900853564352674,15.346393177463765,15.814094543457031,492903000
2022-07-08,15.387280900081658,15.99260071355022,15.3463940472355,15.794151306152344,467972000
2022-07-11,15.483016286395417,15.484013921133512,14.996367398257068,15.110052108764648,437321000
2022-07-12,15.225727086961914,15.38827589482835,14.835809855403015,15.040242195129395,458483000
2022-07-13,14.549605743927154,15.33243221201758,14.424951823504246,15.122015953063965,521918000
2022-07-14,15.06617297485196,15.430162236147307,14.687224899011335,15.329442024230957,456235000
2022-07-15,15.615646381948205,15.738305033694623,15.402238169306203,15.718360900878906,385935000
2022-07-18,16.2568630566496,16.85021493548919,15.957694457686417,16.056419372558594,670517000
2022-07-19,16.440358091474902,17.062631077163257,16.127228231279975,16.944957733154297,702366000
2022-07-20,16.900078566553773,17.883348644030917,16.7544828947443,17.7576961517334,760538000
2022-07-21,17.835482614701714,18.093764403863,17.49642380939711,18.000024795532227,557049000
2022-07-22,17.843459684574043,17.91725420891557,17.089552288201755,17.27104949951172,536671000
2022-07-25,16.971878546789405,17.076589278551587,16.602904032037294,16.976865768432617,480748000
2022-07-26,16.842243731454445,16.87216136295546,16.432382260852247,16.48723030090332,397865000
2022-07-27,16.984846555686445,17.88634506733334,16.866176524140016,17.74074935913086,569776000
2022-07-28,17.925233960102176,18.089776144359217,17.391715338129444,17.934207916259766,474646000
2022-07-29,17.763687123918068,18.193493721999296,17.643021805042498,18.11271858215332,435460000
2022-08-01,18.131662250640616,18.793825424102035,17.94019436661478,18.38994598388672,476469000
2022-08-02,18.071825862895118,18.885566611126666,18.041908238318054,18.474706649780273,489527000
2022-08-03,18.133657657387115,18.915487551007924,18.08678689420816,18.840694427490234,418146000
2022-08-04,18.796814489472666,19.22063704890321,18.708060200093033,19.161800384521484,409652000
2022-08-05,18.75792279078178,19.17576338661587,18.614322361680482,18.93642807006836,386068000
2022-08-08,17.45354536402082,18.188504443935763,17.19426496293747,17.743738174438477,981859000
2022-08-09,17.2042332163322,17.398692993146874,16.67769527219368,17.038692474365234,668263000
2022-08-10,17.648998636902306,18.067835838460873,17.269053012858226,18.046894073486328,597422000
2022-08-11,18.080802254514673,18.655207729285816,17.826507193274058,17.892324447631836,509327000
2022-08-12,18.109720093847795,18.6661757172825,17.90329248620022,18.65719985961914,478094000
2022-08-15,18.64922796080583,19.110945527296405,18.561472236217575,18.979310989379883,457666000
2022-08-16,18.867617579479603,19.08900306515244,18.449777011947884,18.826730728149414,451240000
2022-08-17,18.47171611346851,18.636258289146177,18.094762422807918,18.28423500061035,446799000
2022-08-18,18.25033399183685,18.812771727418596,18.13266064622917,18.721027374267578,415447000
2022-08-19,18.35504444387847,18.468729162588712,17.72080548388627,17.79958724975586,441588000
2022-08-22,17.441578126782925,17.509390657788362,16.91902867077679,16.986841201782227,409593000
2022-08-23,16.941968295162376,17.416650378436234,16.923019890108804,17.13343620300293,369986000
2022-08-24,16.96490062655106,17.357810823683003,16.84822587028311,17.174320220947266,522661000
2022-08-25,16.797366467637275,17.897313400062618,16.78639724119501,17.863407135009766,770691000
2022-08-26,17.80756586241982,17.874379819726403,16.192049758099092,16.21498680114746,769127000
2022-08-29,15.97564911347893,16.292767620206746,15.723349284871533,15.757254600524902,496132000
2022-08-30,15.915812157547325,15.994592953755117,15.139966300020541,15.425174713134766,530181000
2022-08-31,15.341407879469896,15.496976116815032,14.91758433882462,15.052210807800293,573710000
2022-09-01,14.169660919691056,14.340187972290808,13.233261435486058,13.898414611816406,1178865000
2022-09-02,14.060961579559567,14.13176414907431,13.553370076539666,13.60921573638916,743157000
2022-09-06,13.6929833994128,13.74085083822802,13.314035378216058,13.427720069885254,535751000
2022-09-07,13.529468955559182,13.803789664823167,13.313005420498245,13.680095672607422,512657000
2022-09-08,13.425724579883743,13.973368010349136,13.335947888457856,13.955411911010742,624873000
2022-09-09,14.121999969055892,14.438216654464224,14.091077423081934,14.351431846618652,486612000
2022-09-12,14.333475654409431,14.511035078989412,14.16289794182431,14.469139099121094,484159000
2022-09-13,13.767877090741246,13.887580298232978,13.06661506291521,13.098535537719727,714956000
2022-09-14,13.221233728873338,13.2571449823335,12.881077130493788,13.095545768737793,588507000
2022-09-15,12.982824382811994,13.200284898230091,12.758380252068209,12.8970365524292,523625000
2022-09-16,12.710499810260421,13.179338177876392,12.58580882588614,13.165372848510742,670751000
2022-09-19,12.979830907792524,13.429716127163072,12.97783599693244,13.348916053771973,569685000
2022-09-20,13.182328122597518,13.449665184246959,13.024718760603728,13.143424034118652,524818000
2022-09-21,13.180334501882477,13.996312044305188,13.07758850400222,13.228215217590332,807679000
2022-09-22,13.03768878499316,13.116493957539719,12.397276654319372,12.529947280883789,759162000
2022-09-23,12.389292603820046,12.579820356134693,12.226695501941084,12.485054969787598,663309000
2022-09-26,12.4601175052189,12.62770236378115,12.183801932086613,12.19776725769043,547343000
2022-09-27,12.476081212421443,12.704515189141288,12.227697172710009,12.38231372833252,553854000
2022-09-28,12.379318359284666,12.791297397761815,12.323457052729534,12.704512596130371,542414000
2022-09-29,12.417225794477423,12.469097284845578,11.916466992118151,12.189789772033691,532763000
2022-09-30,12.057117275528151,12.601767882452046,12.045146859340639,12.108988761901855,565638000
2022-10-03,12.316475611950034,12.646657634128852,12.075073310975306,12.481067657470703,547478000
2022-10-04,12.847158079623396,13.187315557606139,12.847158079623396,13.134446144104004,584182000
2022-10-05,12.879083123852421,13.288069415589456,12.589800067405486,13.176345825195312,507131000
2022-10-06,13.187316594180706,13.62223854641482,13.070605273695971,13.097538948059082,644157000
2022-10-07,12.474083761565735,12.638675790831929,11.992278089651654,12.046144485473633,672478000
2022-10-10,12.007239883816968,12.094024681790135,11.379795288609536,11.64114761352539,698699000
2022-10-11,11.532418070127365,11.81671332375179,11.255105480239216,11.557356834411621,667482000
2022-10-12,11.550375185170276,11.705988711915621,11.316953468077253,11.471570014953613,492590000
2022-10-13,10.943876148054613,12.048139665363264,10.786266778590695,11.930431365966797,850103000
2022-10-14,12.027192471424224,12.081058872016744,11.176301596444594,11.199244499206543,713432000
2022-10-17,11.489524053285416,11.9184612819513,11.488527073512962,11.858609199523926,580774000
2022-10-18,12.313482956867912,12.461116834509994,11.589277945577948,11.93741512298584,659362000
2022-10-19,11.849631206949502,12.3194674213086,11.804742384541735,12.02120590209961,523131000
2022-10-20,12.08305357020032,12.73743191217373,12.075072975272215,12.163853645324707,652398000
2022-10-21,12.068089492311048,12.467101136617279,11.857611660936854,12.435179710388184,609494000
2022-10-24,12.477078338119243,12.678578622776968,12.034175742763328,12.567852973937988,517457000
2022-10-25,12.662617544617813,13.26711930987685,12.63269102706923,13.228215217590332,505482000
2022-10-26,12.837184898566917,13.354900896725308,12.676582681545735,12.864117622375488,532953000
2022-10-27,13.596302061670135,13.803787996713407,13.089557639646497,13.143424034118652,583113000
2022-10-28,13.071604141512527,13.815760155792058,13.028710226197942,13.799798965454102,521040000
2022-10-31,13.74393706149706,13.803789144395994,13.264126272475048,13.463631629943848,486341000
2022-11-01,13.776855711937651,13.89057419579045,13.485577789770767,13.50951862335205,432817000
2022-11-02,13.815758887447336,14.174868513384318,13.178338754402183,13.186318397521973,672628000
2022-11-03,13.010753571214046,13.746928905168618,12.923968770800348,13.387818336486816,500065000
2022-11-04,13.951421470670343,14.193820714796013,13.66313547617811,14.121001243591309,612576000
2022-11-07,14.192823644192917,14.3763687541529,13.919501841346959,14.265643119812012,410061000
2022-11-08,14.764407269491864,14.854184915550686,14.180853521426073,14.565899848937988,595292000
2022-11-09,14.12698780032859,14.175867398651944,13.724984235954823,13.741942405700684,454414000
2022-11-10,14.76341034070044,15.734004379130576,14.51103557058689,15.711061477661133,700819000
2022-11-11,15.767924228372218,16.34848526583695,15.443727839760449,16.286638259887695,655487000
2022-11-14,16.17790566297231,16.49911010478808,15.882636965812782,16.254714965820312,527852000
2022-11-15,16.68066295893642,16.955979752198513,16.341503294428332,16.624801635742188,545876000
2022-11-16,16.122044306055884,16.321548716407033,15.833758273609781,15.87066650390625,649547000
2022-11-17,15.676148882942353,16.225787271704426,15.496593581923413,15.638242721557617,710894000
2022-11-18,15.926529043321702,15.962441247903389,15.082620775152405,15.370906829833984,492072000
2022-11-21,15.109550221162817,15.438734238938354,15.042715486692336,15.279129981994629,404739000
2022-11-22,15.290109049480908,16.018304974497063,15.084617956956317,15.998353958129883,472866000
2022-11-23,16.05820026675545,16.486140496528126,16.008324643497133,16.478158950805664,427241000
2022-11-25,16.277656134662113,16.446237020144476,16.132017196689414,16.229774475097656,167934000
2022-11-28,15.986378789361892,16.316561753105944,15.686124245692138,15.787871360778809,303741000
2022-11-29,15.787870048545495,15.892610948250487,15.481629846314512,15.600335121154785,298384000
2022-11-30,15.662199992090873,16.89246723894382,15.562422258629718,16.885482788085938,565298000
2022-12-01,16.961313400800822,17.22672251600334,16.59812007687738,17.09701156616211,470977000
2022-12-02,16.622065055941654,16.895457726979757,16.408538823613274,16.83858299255371,371389000
2022-12-05,16.642024612809784,16.957324046486256,16.43548278731988,16.573177337646484,352255000
2022-12-06,16.493353544908274,16.53625748277145,15.783929395985323,15.951557159423828,352694000
2022-12-07,15.737030105203344,16.150112680566554,15.632262419910722,16.084259033203125,372388000
2022-12-08,16.236924067023104,17.140915635032428,15.923619112619104,17.130937576293945,515456000
2022-12-09,17.12195815331659,17.544020747196672,16.93736880935287,16.96331024169922,465338000
2022-12-12,16.999227301100692,17.499115967644453,16.75975964222129,17.496122360229492,457328000
2022-12-13,18.489912854613223,18.748339371405248,17.671731278565026,18.031930923461914,656589000
2022-12-14,17.94712099776623,18.211534767204142,17.38137864220524,17.634815216064453,496888000
2022-12-15,17.107985485394817,17.281599496574888,16.662975165285864,16.91441535949707,478542000
2022-12-16,16.826611361927757,17.003218983176044,16.373617447522786,16.534259796142578,478232000
2022-12-19,16.53525994983705,16.57217667143344,16.109206574205285,16.21796417236328,354039000
2022-12-20,16.028385941930914,16.27384085919094,15.81685699546008,16.049339294433594,403260000
2022-12-21,16.078275356146534,16.590138515163844,16.066300925017234,16.46441650390625,325025000
2022-12-22,16.05831892986543,16.102222004625823,14.849006080737974,15.30499267578125,565045000
2022-12-23,15.162308930007534,15.304991533429133,14.850003158774006,15.172286987304688,349326000
2022-12-27,15.040581290027674,15.066523670848282,14.024837595300793,14.089694023132324,464902000
2022-12-28,13.89612425706417,14.230381609035915,13.853219366158653,14.0048828125,351066000
2022-12-29,14.370070713593025,14.650446912717559,14.195458504097823,14.570624351501465,354923000
2022-12-30,14.302220281186143,14.59656632429452,14.20144437182903,14.581600189208984,310490000
2023-01-03,14.818072176802243,14.962751139370106,14.064746049556753,14.283260345458984,401277000
2023-01-04,14.5347061931835,14.820071447404848,14.209428703147058,14.716301918029785,431324000
2023-01-05,14.458871444768125,14.531709547094541,14.116631516373118,14.233372688293457,389168000
2023-01-06,14.44191076025438,14.976722686175162,14.00288666985135,14.826057434082031,405044000
2023-01-09,15.250116050155102,16.020403900966134,15.107432477127848,15.593353271484375,504231000
2023-01-10,15.472619594978903,15.926610744079499,15.437697345288079,15.87372875213623,384101000
2023-01-11,15.804883260537807,15.992466195096986,15.528496936448766,15.96552562713623,353285000
2023-01-12,16.064305755567425,16.60011394726638,15.457652972865747,16.474393844604492,551409000
2023-01-13,16.24191245912775,16.884485751855593,16.129164009129322,16.861536026000977,447287000
2023-01-17,16.861534824609727,17.68869739083552,16.861534824609727,17.66275405883789,511102000
2023-01-18,17.62783226446367,17.833374940410984,17.243685577032387,17.338476181030273,439624000
2023-01-19,16.998228042242104,17.158872284903268,16.693905869643526,16.727828979492188,452932000
2023-01-20,16.973286475081306,17.816414337109105,16.787699916065623,17.79945182800293,564967000
2023-01-23,18.023952936401,19.202336426570977,17.778499909823832,19.15045166015625,655163000
2023-01-24,18.785259468912272,19.45177965907979,18.778275018636265,19.222288131713867,496204000
2023-01-25,18.871068158440618,19.3270556760891,18.538806268911344,19.28015899658203,449537000
2023-01-26,19.657320791237296,20.121289984084356,19.235258296776955,19.75809669494629,489535000
2023-01-27,19.418849333138702,20.582264478452693,19.361976503519905,20.319847106933594,542142000
2023-01-30,19.90577336731511,20.095350783793005,19.107545755024255,19.11952018737793,488611000
2023-01-31,19.12750161644277,19.643355663941833,18.907990025151328,19.493688583374023,498017000
2023-02-01,19.647343286751223,21.14501488817615,19.567520729990026,20.896568298339844,660477000
2023-02-02,20.953438165318428,21.90033342006355,20.654104095633148,21.660865783691406,564276000
2023-02-03,20.953443971002155,21.696793177822467,20.742911306722025,21.05322265625,429366000
2023-02-06,20.759870457178742,21.522176520252494,20.73991434273434,21.04224395751953,452197000
2023-02-07,21.334593701458743,22.20965010200628,21.103107721044175,22.12384033203125,664150000
2023-02-08,22.33736696829217,22.827279543884256,21.959207503696422,22.155771255493164,559651000
2023-02-09,22.555878249188314,22.968959875402295,22.07095576094419,22.287473678588867,523876000
2023-02-10,21.64191049076745,22.02904881959799,20.7648596572667,21.217851638793945,550737000
2023-02-13,21.490248862723064,21.999118385629707,20.915525681631326,21.739694595336914,474919000
2023-02-14,21.530159368940577,22.99789874171555,21.318629492503824,22.920072555541992,675474000
2023-02-15,22.499008003095835,22.804329348665444,22.056991258302702,22.713531494140625,420575000
2023-02-16,22.083928543019674,22.50000383331045,21.878385888019974,21.95322036743164,412026000
2023-02-17,21.583041248476633,21.69179883261227,20.92849556480954,21.340579986572266,465888000
2023-02-21,20.953441579866375,21.44634583081081,20.5722885301492,20.609207153320312,410015000
2023-02-22,20.661092053593148,21.05721124102222,20.37572493019937,20.70798683166504,513184000
2023-02-23,23.388029834017708,23.835036491709413,22.97394905021416,23.61153221130371,1117995000
2023-02-24,23.17351512067963,23.421963684721213,22.896131513836263,23.234378814697266,589716000
2023-02-27,23.61751850763343,23.827051978192486,23.401997822738508,23.44889259338379,452994000
2023-02-28,23.32018024556822,23.77217689153847,23.154547928957133,23.164525985717773,455963000
2023-03-01,23.140580708274207,23.204439895549427,22.45809718193452,22.647676467895508,460026000
2023-03-02,22.438146710867823,23.328167510652396,22.38226919901642,23.262313842773438,389415000
2023-03-03,23.26830010651087,23.847014191551843,23.078720796703625,23.8370361328125,412393000
2023-03-06,23.8380361602402,24.194243164611763,23.43493056523591,23.50178337097168,437429000
2023-03-07,23.55167395870932,24.075598519904673,23.19340793639445,23.240312576293945,515154000
2023-03-08,23.438907679098733,24.150448993437568,23.37603695159869,24.131486892700195,513573000
2023-03-09,24.12549713017086,24.403927067293445,23.335119057261018,23.388011932373047,501257000
2023-03-10,23.36106747628327,23.57862150456227,22.679465442665016,22.91797637939453,474866000
2023-03-13,22.70541142718648,23.2502929083055,22.251343209013474,22.91897201538086,421890000
2023-03-14,23.447888767567775,24.169407892174178,23.411961279895785,24.01372718811035,474910000
2023-03-15,23.712347660414334,24.23627231190452,23.312169659954225,24.17839241027832,524486000
2023-03-16,23.97780468614888,25.535607427755508,23.845075681386035,25.488704681396484,583253000
2023-03-17,25.9287988632653,26.3449448193976,25.61544073749828,25.672325134277344,848547000
2023-03-20,25.562549518958868,25.970712430849073,25.07854201438664,25.846965789794922,432747000
2023-03-21,26.126395026788483,26.337960836204616,25.329031245204536,26.145355224609375,547408000
2023-03-22,26.370891881444173,27.53250995771594,26.183277100976117,26.41380500793457,797295000
2023-03-23,27.059479880369732,27.442694389660254,26.635350859477686,27.135324478149414,564889000
2023-03-24,26.975653609349873,27.111374826778054,26.301037139360137,26.72416877746582,454920000
2023-03-27,26.782048221700336,26.944714568093122,26.311014571134052,26.476675033569336,361026000
2023-03-28,26.392851412554858,26.4587162651786,25.797073622443282,26.355926513671875,356104000
2023-03-29,26.770076147029812,27.022556480928984,26.542542341100866,26.928749084472656,393694000
2023-03-30,27.1732450978703,27.4426926938408,27.046504340175957,27.326929092407227,364516000
2023-03-31,27.08442659853217,27.77700578403353,27.049498418004845,27.720123291015625,433933000
2023-04-03,27.452673959085395,27.942667821784,27.280027855037655,27.907739639282227,398716000
2023-04-04,27.908735793018696,27.94266656976958,27.251084780335454,27.396785736083984,368592000
2023-04-05,26.77406658654195,26.9427192704289,26.3409552107088,26.825960159301758,515015000
2023-04-06,26.529564526400943,27.024549174224266,26.372886420842022,26.981637954711914,397654000
2023-04-10,26.768078927982756,27.564445330206645,26.61439491835625,27.522531509399414,395279000
2023-04-11,27.66723481289394,27.7330996597478,27.070457767266205,27.113370895385742,314378000
2023-04-12,27.313960457156856,27.4117593746922,26.39384737924561,26.440752029418945,446259000
2023-04-13,26.679254629480894,26.831941201476347,26.275085187583688,26.408809661865234,353615000
2023-04-14,26.44972742157741,26.827951053263416,26.16630857297882,26.70320701599121,395660000
2023-04-17,26.510608881587505,26.950705921949755,26.378879181117764,26.946714401245117,321471000
2023-04-18,27.476625156577658,28.05244337278638,27.30098493529646,27.610349655151367,604812000
2023-04-19,27.30497908731356,27.942670689641986,27.17624350095967,27.873811721801758,358660000
2023-04-20,27.61434236358742,27.972608458107462,26.9447167273433,27.048503875732422,427713000
2023-04-21,26.896814866617028,27.127342787585114,26.66728625337911,27.063472747802734,345103000
2023-04-24,26.957689535565127,27.309965480209698,26.61638884445198,26.986629486083984,339282000
2023-04-25,27.02255529680181,27.191209883551597,26.17130312906319,26.18726921081543,378527000
2023-04-26,26.946709851264895,27.27403733509567,26.65031712353252,26.900802612304688,406337000
2023-04-27,27.306972360442714,27.43870204664904,26.57048262204744,27.170251846313477,377161000
2023-04-28,27.169255299832017,27.701162985929276,27.015569392110717,27.692182540893555,292216000
2023-05-01,27.782996461743867,28.99850296142685,27.723119847489293,28.850805282592773,570329000
2023-05-02,28.621275795478528,28.776956510510566,28.025498077141993,28.152236938476562,402730000
2023-05-03,27.782997527115576,28.308918916724693,27.415750979636734,27.745075225830078,383387000
2023-05-04,27.594382208198148,27.80195650009337,27.184224452575453,27.505565643310547,321850000
2023-05-05,27.76902536331952,28.696122147897874,27.67422056486533,28.62127685546875,361494000
2023-05-08,28.46359684267218,29.160167550884644,28.291950055367597,29.09130859375,344979000
2023-05-09,28.83982635316878,28.91367423632623,28.3917463228912,28.512496948242188,314869000
2023-05-10,28.945612307547268,29.05339288631877,28.402727410108433,28.82585906982422,369350000
2023-05-11,28.83683515837139,28.89072544575844,28.18816641833993,28.519485473632812,322149000
2023-05-12,28.47058123775665,28.72106862682804,27.988570462268328,28.28196907043457,274222000
2023-05-15,28.449626392092515,28.90968288930767,28.09435634331566,28.893714904785156,293926000
2023-05-16,28.781946830273363,29.808841156723194,28.77296638486964,29.15318489074707,449405000
2023-05-17,29.523423532319487,30.137164031905737,29.369739532230806,30.116207122802734,432535000
2023-05-18,30.34773114084469,31.76282685759254,30.25791527609372,31.613134384155273,748725000
2023-05-19,31.47142600851462,31.51533653819643,30.852696589930833,31.199983596801758,473908000
2023-05-22,30.83772890145582,31.45546287720747,30.617182635048753,31.112167358398438,372000000
2023-05-23,30.936523538862662,31.22393392865523,30.568279631249496,30.62516212463379,356253000
2023-05-24,30.14814396527104,30.54433236973777,29.744971827236576,30.475473403930664,721419000
2023-05-25,38.44411669724596,39.39915781484461,36.559982197378055,37.90222930908203,1543911000
2023-05-26,37.81242284228532,39.089800933075296,37.47311881105836,38.86626052856445,714397000
2023-05-30,40.511887479530465,41.85213634439199,39.86721018390679,40.02887725830078,923401000
2023-05-31,39.407151325355905,40.212498283604155,37.74456192441203,37.75653839111328,1002580000
2023-06-01,38.410192719285774,39.967997415586815,38.26149953067262,39.68857192993164,635873000
2023-06-02,40.014895164925456,40.4170698367897,38.97802122010776,39.2464714050293,482731000
2023-06-05,38.82932526473996,39.48398018738729,38.62773924122982,39.090789794921875,396094000
2023-06-06,38.75049794421731,39.07982029424169,38.06989131464503,38.57485580444336,388729000
2023-06-07,38.839328591013164,39.422192605920955,37.28335823198355,37.40212631225586,511998000
2023-06-08,37.650652361661095,38.78843525380602,37.43208020342754,38.435123443603516,417772000
2023-06-09,38.96109737948555,39.6337866781629,38.492013810296655,38.694618225097656,427717000
2023-06-12,39.12378588583667,39.453142301230535,38.542916712430916,39.405235290527344,388701000
2023-06-13,40.107868537313834,41.021090447407424,39.662736532909214,40.94224166870117,613208000
2023-06-14,40.744623565348384,42.91639126476324,40.47314927155152,42.91339874267578,740465000
2023-06-15,42.519176450195246,43.20484109231197,42.06505921158456,42.57007598876953,568622000
2023-06-16,43.3655191410193,43.63599213320871,42.5780517641451,42.60899353027344,655709000
2023-06-20,42.91440888005399,43.90448091606777,42.59103745727722,43.72283172607422,451153000
2023-06-21,43.416422222584046,43.53020280046162,41.998187390967416,42.961307525634766,551603000
2023-06-22,42.17085058953678,43.34157039232683,42.151890331263004,42.94135284423828,417737000
2023-06-23,42.381435491620046,42.72576209923424,41.93330719856048,42.126930236816406,358140000
2023-06-26,42.378439961624785,42.680852228000454,40.02203048498169,40.55299758911133,594322000
2023-06-27,40.71967293420545,41.858453292545065,40.369357466339395,41.794578552246094,462175000
2023-06-28,40.58095133712179,41.76364890830749,40.43922910988901,41.03706359863281,582639000
2023-06-29,41.47719909021722,41.51911724853508,40.52106150883683,40.74263000488281,380514000
2023-06-30,41.59896098123988,42.467268355429134,41.420308161971434,42.219749450683594,501148000
2023-07-03,42.434326127886784,42.81458581035407,42.11994000015232,42.330528259277344,198209000
2023-07-05,42.05308438927501,43.09305847208115,42.00318235487924,42.23473358154297,323618000
2023-07-06,41.76264953628558,42.09699732253943,41.265616640980895,42.02114486694336,303582000
2023-07-07,42.239712723775206,43.129980526432945,42.097990517388034,42.42036056518555,355881000
2023-07-10,42.57406186731793,42.72776176918797,41.56801853142634,42.09798812866211,353908000
2023-07-11,42.39839653240351,42.67485834432988,41.985203882736315,42.32254409790039,298244000
2023-07-12,42.949329116868,43.84957572671799,42.69382635632928,43.8166389465332,481277000
2023-07-13,44.43144838419821,46.065262910266576,44.40549795947818,45.887611389160156,478204000
2023-07-14,46.492428621249765,47.99450350820883,44.972390985691305,45.38059616088867,772075000
2023-07-17,46.1990038397671,46.40559830268811,45.1740001632929,46.37066650390625,510488000
2023-07-18,46.6101959109385,47.80287207706954,45.64507706670889,47.40165328979492,569164000
2023-07-19,47.37171073363014,47.7250225002053,46.65111448328101,46.9854621887207,427502000
2023-07-20,46.41657614955658,46.99545027981004,44.974385975713794,45.431495666503906,537865000
2023-07-21,45.698971418551594,45.776822685139486,44.01425371443011,44.22284698486328,963769000
2023-07-24,44.644025212328465,45.02129240158318,43.95437069346409,44.5252571105957,382516000
2023-07-25,44.85361925028961,46.09320109466631,44.83565269586211,45.59018325805664,348081000
2023-07-26,45.93151847506049,45.96345774796509,44.54322423850326,45.363624572753906,364237000
2023-07-27,46.42855649018283,47.302852779891246,45.66105061247082,45.810760498046875,455976000
2023-07-28,46.57726209617673,46.93556524542494,46.29082136263418,46.65910339355469,331194000
2023-07-31,46.66309454574556,47.03836291442901,46.41557565297474,46.63814163208008,251055000
2023-08-01,46.36966307349115,46.808809981833214,45.9375063312931,46.41657257080078,237858000
2023-08-02,45.74188936339505,45.750870737209425,43.302641133046315,44.182926177978516,530142000
2023-08-03,43.71483401069051,45.030272068122756,43.71483401069051,44.428443908691406,324176000
2023-08-04,44.897535492129286,45.55325576078865,44.30668747221976,44.5931282043457,362666000
2023-08-07,45.02329239286848,45.45145915668349,44.47635751419299,45.328697204589844,322154000
2023-08-08,44.765791580742274,45.154035175235585,43.97034032891443,44.5771598815918,353843000
2023-08-09,44.18791316298273,44.2258412871121,42.05207472701769,42.47126007080078,586449000
2023-08-10,42.07803041712352,43.48928271463046,41.753661535765616,42.30558776855469,492705000
2023-08-11,41.66982783575129,41.93631084030742,40.559990255420004,40.775569915771484,533085000
2023-08-14,40.40728777661957,43.71484392430669,40.23262877049562,43.66793441772461,690286000
2023-08-15,44.4733696589914,45.17999337738196,43.625019909517064,43.85457229614258,676512000
2023-08-16,44.43344502691715,44.58814245881994,43.32160863340614,43.40145492553711,527451000
2023-08-17,43.88450979004493,43.97632996907339,42.91739206244817,43.259727478027344,452395000
2023-08-18,42.55210279035976,43.4932701006516,41.57900001272248,43.214813232421875,583768000
2023-08-21,44.407491420923556,46.97349186656967,44.13602090022551,46.87568283081055,692573000
2023-08-22,48.041406896438666,48.09330773941367,45.24485683130546,45.57920455932617,755293000
2023-08-23,45.77682903768783,47.10823512648874,45.12010736864763,47.02439880371094,779046000
2023-08-24,50.118361983877634,50.16826400478164,47.067306662299096,47.07129669189453,1156044000
2023-08-25,46.92059855717943,47.71205604609622,44.93646092899701,45.928531646728516,925341000
2023-08-28,46.39162792536596,46.88866080793937,44.80072902830529,46.74394226074219,685192000
2023-08-29,46.57526237156326,48.98556752704201,46.30079556232575,48.689144134521484,701397000
2023-08-30,48.94863943193041,49.82992198159772,48.330843509784565,49.168212890625,735206000
2023-08-31,49.28399374905417,49.64728445636799,48.86281334141854,49.25904083251953,528570000
2023-09-01,49.66524637506185,49.7031706927899,48.0483934780796,48.41468048095703,463830000
2023-09-05,48.1292368066892,48.75601791251672,47.76694364415611,48.45360565185547,382653000
2023-09-06,48.35080099771677,48.45859779156676,46.49326626281809,46.97336959838867,468670000
2023-09-07,45.44023319735737,46.257708449088824,45.067926633125616,46.15489959716797,433330000
2023-09-08,45.856458279277405,46.519219579428515,45.186706235848995,45.487144470214844,473069000
2023-09-11,46.06207096484273,46.0770424255395,44.22949106974816,45.09387969970703,473966000
2023-09-12,44.6546914479524,45.587951736657104,44.44807617569655,44.78644561767578,349256000
2023-09-13,44.51694497475434,45.8444700948222,44.42012548496772,45.400299072265625,398355000
2023-09-14,45.86444047531069,45.90137033130358,45.04696523433204,45.49612808227539,370097000
2023-09-15,45.25656332752661,45.514082288276775,43.726417212467545,43.8182487487793,506831000
2023-09-18,42.66839815481211,44.15961559349167,41.921789942113186,43.88412857055664,500271000
2023-09-19,43.751381753727316,43.88413352477652,42.92192782259573,43.43896484375,373064000
2023-09-20,43.51880884841662,43.821246018935675,42.14437412203361,42.160343170166016,367108000
2023-09-21,41.505568360727295,42.021603947761406,40.903690569058845,40.94062042236328,450736000
2023-09-22,41.494585230845004,42.03657715904044,41.154220620543846,41.53251647949219,479236000
2023-09-25,41.51355366859355,42.4567936946112,41.1003231092512,42.14337921142578,419091000
2023-09-26,41.92278314195725,42.740258203916966,41.57742680988832,41.832950592041016,402282000
2023-09-27,42.2511801171412,42.79217068875673,41.55148521974545,42.388919830322266,444935000
2023-09-28,42.38093579889095,43.36509986355093,42.03658080053992,43.008766174316406,424663000
2023-09-29,43.74538760189782,44.06179864340564,43.22635545841842,43.417999267578125,397830000
2023-10-02,43.948009813372195,45.09087814744479,43.77932579033049,44.698612213134766,433298000
2023-10-03,44.7245629218231,45.045965740925496,43.16547120468859,43.43596649169922,470850000
2023-10-04,43.660548982906214,44.06080325905543,43.21138616245394,43.95899200439453,361821000
2023-10-05,43.967973455641534,44.816392949836604,43.80627636575413,44.60478591918945,393483000
2023-10-06,44.11070969679084,45.70373848025028,43.9440208476475,45.676788330078125,434436000
2023-10-09,44.75849682767498,45.52007649973999,44.28538045832398,45.18869400024414,409675000
2023-10-10,45.22563248789511,46.17286291728584,45.00404573819931,45.71272277832031,368582000
2023-10-11,46.109976834306515,46.77174426177856,45.96424879463127,46.718841552734375,378137000
2023-10-12,46.68989566086201,47.52034710135052,46.24372943331202,46.857582092285156,481325000
2023-10-13,46.87255588078778,47.02826743741539,45.19568386802554,45.376346588134766,474115000
2023-10-16,44.9790832052808,46.13891807478204,44.82836342341364,46.00916290283203,375099000
2023-10-17,43.91807074145932,44.67066838631244,42.40090056802487,43.85618591308594,812333000
2023-10-18,42.51168892025405,43.13852165493323,41.74711648202066,42.11742401123047,627294000
2023-10-19,42.731286777485096,43.216381906827145,41.8040157217801,42.02260971069336,501233000
2023-10-20,41.81199826924351,42.39092011000652,41.00150997673177,41.3099365234375,477266000
2023-10-23,41.15222663549808,43.16746801501632,40.86875508234883,42.89497375488281,478530000
2023-10-24,42.996784415979555,43.615628825296106,42.611505424258,43.58169174194336,401463000
2023-10-25,43.31718712471628,43.56872058494652,41.477620479123594,41.701202392578125,398379000
2023-10-26,41.77506880872993,42.177318286010724,39.80574303401105,40.250911712646484,541001000
2023-10-27,41.0534152286562,41.12927392659706,39.94048973150051,40.42458724975586,416784000
2023-10-30,41.01049469201982,41.68822738791205,40.405620307517786,41.084354400634766,388028000
2023-10-31,40.374672312145435,40.802874255163,39.15694305189198,40.70405578613281,517969000
2023-11-01,40.807870455778854,42.30208459844571,40.79289899587781,42.24618911743164,437593000
2023-11-02,43.24732164549146,43.802286120371775,42.81413164942189,43.424991607666016,409172000
2023-11-03,43.93803330221259,45.22463078266812,43.641585445769095,44.921199798583984,424610000
2023-11-06,45.20067395834923,45.849465106470674,44.815391150878824,45.66580581665039,400733000
2023-11-07,45.63386992886557,46.13193749816825,45.073913725971586,45.86943054199219,343165000
2023-11-08,46.014157765591044,46.77973167159943,45.882403587242706,46.48727798461914,346719000
2023-11-09,47.378607266813916,48.1401869158154,46.662943389487246,46.862571716308594,540496000
2023-11-10,47.41155087354873,48.38174104695151,47.194955890683396,48.2449951171875,421245000
2023-11-13,48.230024106474055,49.02454332437156,48.00943495548385,48.52946472167969,384136000
2023-11-14,49.58748734734276,49.74119990193618,48.94867974988804,49.56352996826172,416954000
2023-11-15,49.84202172257436,49.866972887678294,48.11025170692205,48.79697036743164,475497000
2023-11-16,48.58835975878918,49.43278516309001,48.24001057724096,49.38786697387695,339756000
2023-11-17,49.43178822340236,49.62442966359735,48.91575254512535,49.20621109008789,325205000
2023-11-20,49.22017477900762,50.45387324372552,49.08941820057832,50.31513214111328,414120000
2023-11-21,50.03265822480747,50.42292897370047,49.130342262240724,49.85099792480469,565747000
2023-11-22,49.7591723537565,50.2412708632355,47.6011956303171,48.62528610229492,899420000
2023-11-24,48.37974638442562,48.829906801279186,47.656094105123046,47.68703842163086,294645000
2023-11-27,47.71098998988454,48.4396301867081,47.5632667713432,48.15216827392578,395662000
2023-11-28,48.146180818273855,48.233020614585215,47.38460109717888,47.73195266723633,401491000
2023-11-29,48.288918833586436,48.67120510025969,47.770884217997974,48.05036163330078,382005000
2023-11-30,47.934569759213595,48.0204119586937,46.33555556358415,46.68290710449219,526247000
2023-12-01,46.43836652084653,47.11210883022558,46.10099466756543,46.67791748046875,369317000
2023-12-04,45.99120035967438,45.99120035967438,44.926185864436995,45.425254821777344,437543000
2023-12-05,45.385328820380614,46.51731562556562,45.19067511548695,46.48337936401367,371718000
2023-12-06,47.13122440124437,47.30292009715476,45.331422145943435,45.42226028442383,380590000
2023-12-07,45.618910872891085,46.54626331215597,45.52308054469381,46.51332092285156,350823000
2023-12-08,46.51232804934258,47.65629461849747,46.467405912391875,47.42171096801758,359224000
2023-12-11,47.40674269328456,47.44666883134117,45.748690336704186,46.544273376464844,509728000
2023-12-12,45.96430321028968,47.581427820158346,45.96430321028968,47.572444915771484,372387000
2023-12-13,47.54449269431196,48.50778063121328,47.52353004634861,48.00267791748047,447792000
2023-12-14,48.30413968812158,48.58364165791398,47.337858729747325,48.26420974731445,391232000
2023-12-15,48.10848894942567,49.31634111544804,48.034618938742405,48.803253173828125,479948000
2023-12-18,49.31235079913167,50.34351507731144,49.062794375670336,49.9881477355957,412587000
2023-12-19,49.33630266590499,49.61181391094036,48.80824198487287,49.51598358154297,464444000
2023-12-20,49.56688996732464,49.91028133379936,48.01265353097003,48.025630950927734,397894000
2023-12-21,48.724392927903814,49.007889407965415,48.333086371904265,48.903076171875,300425000
2023-12-22,49.107708829124014,49.29537497058781,48.38099994161529,48.74335861206055,252507000
2023-12-26,48.88111364335506,49.51199224313979,48.87312841671405,49.19156265258789,244200000
2023-12-27,49.42315398247824,49.59185284551433,48.997907338293054,49.32931900024414,233648000
2023-12-28,49.554922947314495,49.795492674643874,49.324329994165225,49.43413543701172,246587000
2023-12-29,49.724619498674286,49.908294957673476,48.664503467597335,49.43413543701172,389293000
2024-01-02,49.156625856562634,49.20753405733888,47.510553413556266,48.08253479003906,411254000
2024-01-03,47.40074185532866,48.098499031561545,47.23603372218609,47.48459243774414,320896000
2024-01-04,47.68224884044641,48.41395003873669,47.42370949212884,47.912841796875,306535000
2024-01-05,48.37601604637922,49.459090025386296,48.22029079492016,49.0098876953125,415039000
2024-01-08,49.424151981929796,52.18225008334284,49.39120958940494,52.16028594970703,642510000
2024-01-09,52.30802809263291,54.22861420741035,51.598287244233845,53.04571533203125,773100000
2024-01-10,53.52086794542818,54.50311934146144,53.39409057576156,54.253562927246094,533796000
2024-01-11,54.90141170121365,55.24779611496442,53.46496584925973,54.72472381591797,596759000
2024-01-12,54.52308221048439,54.872463461679565,54.23359967517569,54.61292266845703,352994000
2024-01-16,54.92038130782368,56.73415487746208,54.80259064863885,56.281959533691406,449580000
2024-01-17,56.24702168282456,56.37080221365978,54.642874592370525,55.95354461669922,474394000
2024-01-18,57.15840851212512,57.49780544166529,56.00745426886676,57.005680084228516,491650000
2024-01-19,57.88610696898355,59.394427545023596,57.12346261571884,59.38544464111328,543501000
2024-01-22,59.94245635666948,60.223957503871716,58.96519328035112,59.54815673828125,452955000
2024-01-23,59.464301820428496,59.803698694627826,58.48104894335419,59.76676559448242,294654000
2024-01-24,60.19700279855746,62.73748534909312,59.831651069260054,61.25312423706055,560271000
2024-01-25,62.23937252647403,62.607721109617174,60.742033936667,61.50767517089844,482777000
2024-01-26,60.85183343731232,61.67337498834804,60.4655228910145,60.922706604003906,390309000
2024-01-29,61.12335021592604,62.37811980223714,60.798929932553925,62.354164123535156,348733000
2024-01-30,62.78839260190601,63.38033889790534,62.14952501071203,62.66261291503906,410735000
2024-01-31,61.330983989988475,62.15851544921119,60.59229912426738,61.41783142089844,453795000
2024-02-01,61.98981163068563,63.07887923181449,61.5406131324354,62.91516876220703,369146000
2024-02-02,63.86048434942647,66.48182425910672,63.57698787949549,66.04261016845703,476578000
2024-02-05,68.10394628020288,69.37369252800232,67.08575942583846,69.208984375,680078000
2024-02-06,69.50644505901005,69.63022558045657,66.18235963384292,68.10194396972656,683111000
2024-02-07,68.19777661316522,70.09540449820057,67.48005062301553,69.97461700439453,495575000
2024-02-08,69.9496558671256,70.66837949372972,69.33175856710787,69.51742553710938,414422000
2024-02-09,70.40785287358678,72.05692221360141,70.08742326576261,72.00502014160156,436637000
2024-02-12,72.4711925074671,74.4786262016981,71.12358918296164,72.11981964111328,613710000
2024-02-13,70.2750920169868,73.31967588505927,69.49647717607553,72.0000228881836,602580000
2024-02-14,73.07213825831741,74.1043004616714,71.81038073927579,73.7688980102539,504917000
2024-02-15,73.73793302512789,73.8437401296513,72.27153779440317,72.5290756225586,420122000
2024-02-16,73.96851471281462,74.2699807907232,72.37235296886776,72.4841537475586,495327000
2024-02-20,71.8193337960462,71.82832050697183,67.61381202197207,69.32876586914062,704833000
2024-02-21,67.8853441158395,68.7657830962581,66.1304674517911,67.352294921875,673755000
2024-02-22,74.89189108055353,78.43558804957509,74.08831901858908,78.3986587524414,865100000
2024-02-23,80.64665337566204,82.24780364536768,77.4323654765101,78.67715454101562,829388000
2024-02-26,79.5585907729136,80.50291911362528,78.36571128314377,78.95167541503906,503973000
2024-02-27,79.24015705268404,79.338988045559,77.02509990421383,78.56136322021484,391705000
2024-02-28,77.48226929356848,78.79293534780788,76.98814490868608,77.52519226074219,393110000
2024-02-29,78.95366810218512,79.84807446200602,78.2109848648127,78.97163391113281,507289000
2024-03-01,79.85805518730493,82.15397732028299,79.29405523547015,82.13301086425781,479135000
2024-03-04,83.98070887832954,87.53938523582946,83.57044270492621,85.08574676513672,615616000
2024-03-05,85.12269695886387,85.94827183043155,83.27290109267872,85.81549835205078,520639000
2024-03-06,87.8699456446009,89.56900130568565,86.87965493223747,88.54676818847656,582520000
2024-03-07,90.00225477502153,92.60674904676837,89.44721547430589,92.50891876220703,608119000
2024-03-08,94.97365533037919,97.23174889760968,86.35656281212522,87.37680053710938,1142269000
2024-03-11,86.27969890435133,88.6436045203793,84.0206076407832,85.6258316040039,678364000
2024-03-12,87.8969031445505,91.80114256968415,86.0011815049168,91.75422668457031,668075000
2024-03-13,90.89770650975179,91.34592838246506,88.28222971094472,90.73099517822266,635713000
2024-03-14,89.42225831640668,90.48941185201531,86.45039611721776,87.79207611083984,602318000
2024-03-15,86.77983369344113,89.39131202190967,86.10799973550625,87.68526458740234,642086000
2024-03-18,90.23185202169164,92.24536587684682,86.9345566695886,88.30219268798828,668976000
2024-03-19,86.55023832171473,90.38760027113784,84.86316267130387,89.24358367919922,672171000
2024-03-20,89.6418701073994,90.25381771221527,88.07059173697641,90.21588134765625,479063000
2024-03-21,92.14054972284487,92.48794810720764,90.24881917443113,91.27703857421875,480372000
2024-03-22,90.9835495525749,94.61426754269417,90.67708069798141,94.12611389160156,586719000
2024-03-25,93.77871885813295,96.59883562555477,93.34846365413705,94.83788299560547,552136000
2024-03-26,95.68540977780971,96.20850660908965,92.34219634403308,92.40109252929688,513648000
2024-03-27,92.95115660792449,93.07893385392306,88.96904884364167,90.09410095214844,586067000
2024-03-28,89.8445252112995,91.1422825108375,89.03892009399118,90.19991302490234,435212000
2024-04-01,90.14300911365386,92.0656767674512,89.04989954343785,90.20689392089844,452441000
2024-04-02,88.29519159294945,89.93835161134503,87.46862677190417,89.2974624633789,433064000
2024-04-03,88.33115142365672,90.21788597554938,88.24729689318218,88.81031799316406,370067000
2024-04-04,90.24981545155312,90.47742601324012,85.73163346290652,85.756591796875,434965000
2024-04-05,86.71593914747515,88.32815477151372,85.77756814573236,87.85597229003906,399678000
2024-04-08,88.54675414355297,88.67653442305598,86.5821594652945,86.98246765136719,283220000
2024-04-09,87.29093308519522,87.48360044285332,82.87857107978263,85.20653533935547,501700000
2024-04-10,83.78102010903869,87.24901778988773,83.56439211342133,86.88864135742188,431929000
2024-04-11,87.2689793680449,90.58224601063488,86.77583708331596,90.45945739746094,431637000
2024-04-12,89.54404775764081,90.01923104025528,87.37879585703206,88.03366088867188,426805000
2024-04-15,88.94408228829708,90.45646450816476,85.78055803275619,85.85243225097656,443077000
2024-04-16,86.28368645109244,87.965773191981,85.91532822119116,87.26399230957031,370453000
2024-04-17,88.18739527959683,88.62164902707342,83.80497930154608,83.88983917236328,495400000
2024-04-18,84.82321393436638,86.0411075798554,82.25964941091485,84.52472686767578,447260000
2024-04-19,83.00636595540483,84.17833393456459,75.47539894537725,76.06836700439453,875198000
2024-04-22,77.9690792079323,79.93467971860302,76.26802794241385,79.3806381225586,596341000
2024-04-23,80.62947459576492,82.62601974052421,80.1253496885507,82.2806167602539,438559000
2024-04-24,83.80496541021976,83.93674114541149,79.04620255838257,79.53935241699219,512208000
2024-04-25,78.73176709382612,83.17907377580835,78.08788455699533,82.48927307128906,424641000
2024-04-26,83.67320929669376,88.17841379736606,83.24295407183207,87.58344268798828,551011000
2024-04-29,87.44368500312586,87.8399947565515,85.11870586410434,87.60540771484375,388971000
2024-04-30,87.08929643239856,88.66557118869024,86.15092540038592,86.25274658203125,363709000
2024-05-01,84.93002290842145,85.85142484392729,81.11461964994571,82.89753723144531,559863000
2024-05-02,84.30310641773906,86.08801954331209,83.05626359727954,85.66874694824219,377898000
2024-05-03,87.6373400551101,89.12675929539812,86.8896334546632,88.63561248779297,398341000
2024-05-06,89.23557796278553,92.06069095925291,88.90115758999175,91.98082733154297,376203000
2024-05-07,90.94062670307744,91.62244547206083,88.85723403089521,90.39756774902344,437342000
2024-05-08,89.32841761603471,91.03646035901207,89.26552291616532,90.25581359863281,325721000
2024-05-09,90.37260819958134,90.91466942223298,88.07858152551931,88.59368896484375,378013000
2024-05-10,90.14898917811553,91.24309639621146,89.07284860877868,89.72272491455078,335325000
2024-05-13,90.32169428450598,90.84080023922876,88.37606371894472,90.24283599853516,289680000
2024-05-14,89.44422015487879,91.49267735254841,88.78036800318161,91.19818878173828,296507000
2024-05-15,92.31225306463462,94.69812368698847,91.44076009123388,94.46652221679688,417735000
2024-05-16,94.74604213563502,95.65346838301872,93.94042944222824,94.19599151611328,323952000
2024-05-17,94.20598653059943,94.57634022771545,91.64741042469609,92.31924438476562,359691000
2024-05-20,93.58805245494568,95.03554461976276,93.27859039868353,94.61627197265625,318764000
2024-05-21,93.43730641374981,95.23519767784772,93.01903151729087,95.22122192382812,328946000
2024-05-22,95.29410365838704,95.8541316008462,93.08792212863494,94.78598022460938,548648000
2024-05-23,101.85175314144693,106.1363388077003,101.34462744914427,103.61969757080078,835065000
2024-05-24,104.2685576920773,106.29105867121642,102.82206339543845,106.28507232666016,429494000
2024-05-28,110.0535586136133,114.74044777454472,109.69318217417998,113.70423889160156,652728000
2024-05-29,112.85471267036033,115.29248791517858,110.70942292973874,114.62664031982422,557442000
2024-05-30,114.45194499585061,115.61892428256706,109.47356046717066,110.30911254882812,484553000
2024-05-31,112.3256250740568,112.52229098316289,106.75526997887016,109.44361877441406,613263000
2024-06-03,113.42472260342709,114.80133819580078,111.80951385006522,114.80133819580078,438392000
2024-06-04,115.51612271832497,116.39859081584508,113.84800386088452,116.23587036132812,403324000
2024-06-05,118.16650675945408,122.23745699449587,117.26506688652523,122.22847747802734,528402000
2024-06-06,123.83369734866147,125.37004011083056,118.11559592598994,120.78897094726562,664696000
2024-06-07,119.56309618694148,121.48178065904402,117.81812234412239,120.67916870117188,412386000
2024-06-10,120.16205248180556,122.8873318903164,116.80785658193525,121.57959747314453,313434100
2024-06-11,121.56962984389475,122.66782593913159,118.54461678500223,120.71105194091797,222551200
2024-06-12,122.85750238613136,126.6712162731191,122.36831081363356,124.99398040771484,299595000
2024-06-13,129.17707407207072,129.58640302855855,126.95074804505506,129.39671325683594,260704500
2024-06-14,129.74617063783822,132.6214215295718,128.10886970168357,131.6630096435547,309320400
2024-06-17,132.77118307637525,133.5099557271365,129.3667902512595,130.7644805908203,288504400
2024-06-18,130.92420671975586,136.10566894087242,130.47495024767164,135.35690307617188,294335100
2024-06-20,139.56996619369176,140.52837801062054,129.30688285479897,130.56480407714844,517768400
2024-06-21,126.91083052082259,130.4150570517715,124.09547105255645,126.36173248291016,649445800
2024-06-24,123.0371892837608,124.25518282254679,117.84574965469585,117.91563415527344,476060900
2024-06-25,121.00055473590018,126.29183629953359,119.12365113611966,125.88250732421875,414192600
2024-06-26,125.92246422081828,127.90918776205926,122.39827366611266,126.19202423095703,362975900
2024-06-27,123.8957921998042,126.2019962793405,122.71773358253314,123.78597259521484,252571700
2024-06-28,124.3750052910358,127.49985213027985,122.54801473015355,123.33671569824219,315516700
2024-07-01,123.26683813440599,124.6345790000873,118.63447360818265,124.09547424316406,284885500
2024-07-02,120.93068793490033,123.20694278300529,120.83085399993702,122.46815490722656,218374000
2024-07-03,121.45980705227005,128.06890869140625,121.16029766804549,128.06890869140625,215749000
2024-07-05,127.17040031042268,128.63799033992214,125.4732006158399,125.62295532226562,214176700
2024-07-08,127.28020581947078,130.55481479101948,126.83094936680692,127.9890365600586,237677300
2024-07-09,130.13552958791902,133.59982130546845,128.4383145629174,131.16383361816406,285366600
2024-07-10,133.80946190177127,134.87770860466375,132.20211043348235,134.68801879882812,248978600
2024-07-11,135.52664371380718,135.92597948026415,126.8409613070622,127.19038391113281,374782700
2024-07-12,128.04894535138322,131.70292655352904,127.01066335258953,129.02734375,252680500
2024-07-15,130.3451595951711,131.1737956487568,126.97072416574117,128.22865295410156,208326200
2024-07-16,128.22864817880884,128.82765170945768,124.37499938694933,126.15206909179688,214769500
2024-07-17,121.15030105949809,121.64947824360549,116.52792307672573,117.79582977294922,390086200
2024-07-18,121.64949097287113,122.19858897958201,116.36819489836525,120.89073944091797,320979500
2024-07-19,120.15197829253903,121.39992158102997,117.1768857582078,117.7359619140625,217223800
2024-07-22,120.15196240961751,123.86584236392231,119.66277083791101,123.33671569824219,258068900
2024-07-23,122.57797258109629,124.48483346113822,121.8990911705108,122.3882827758789,173911000
2024-07-24,118.97389854949489,119.75261380553808,113.2533317889684,114.06199645996094,327776900
2024-07-25,112.85398925547956,116.43807811661003,106.12508231687993,112.0952377319336,460067000
2024-07-26,115.998801321254,116.00877938122822,111.39638688236367,112.87394714355469,293399100
2024-07-29,113.50293810461493,116.08867288971433,111.11687119487814,111.40638732910156,248152100
2024-07-30,111.33649361290321,111.8057214597651,102.37127421675278,103.55931854248047,486833300
2024-07-31,112.71421539482289,118.1452582531107,110.6975352036146,116.82743072509766,473174200
2024-08-01,117.33660563582859,119.9622829008677,106.63424395188704,109.0302963256836,523462300
2024-08-02,103.58925680976456,108.54109382170915,101.20319035397925,107.09347534179688,482027500
2024-08-05,91.90851949250676,103.23984998207244,90.54077860317504,100.28471374511719,552842400
2024-08-06,103.66912407688663,107.53275860175525,100.38454458708775,104.07845306396484,409012100
2024-08-07,107.6325946135043,108.62097103799087,98.52760658313275,98.74724578857422,411440400
2024-08-08,101.83215026963444,105.32639072006307,97.35951914167633,104.7972640991211,391910000
2024-08-09,105.46617163856445,106.42459107060563,103.2598090475883,104.57763671875,290844200
2024-08-12,106.14505252549102,110.88723650727509,106.08515369153115,108.84060668945312,325559900
2024-08-13,112.25498209343158,116.03874655153282,111.39639661656214,115.94889068603516,312646700
2024-08-14,118.33497584660141,118.40486036766445,113.8823150065414,117.8857192993164,339246400
2024-08-15,118.56459228097263,123.03721654252207,117.27671395628101,122.65784454345703,318086700
2024-08-16,121.73935231230438,124.79431469874058,120.98060074622069,124.37500762939453,302589900
2024-08-19,124.07551257525068,129.78610229492188,123.21692698149081,129.78610229492188,318333600
2024-08-20,128.18871285893894,129.6662885004724,125.68284852553639,127.04061126708984,300087400
2024-08-21,127.11050029285343,129.13716641620366,126.45159025428316,128.28855895996094,257883600
2024-08-22,129.80606530219129,130.53485987199215,122.89744589722252,123.53639221191406,376189100
2024-08-23,125.65288601497598,129.38673697357257,125.01393980516215,129.1571044921875,323230300
2024-08-26,129.3567902083498,131.04399639094717,124.16534262628207,126.25189971923828,331964700
2024-08-27,124.84424526829238,128.98741074794592,123.67616460225028,128.08889770507812,303134600
2024-08-28,127.90917706049713,128.118838213882,122.43819852070378,125.40331268310547,448101100
2024-08-29,121.16030028839229,124.22524823697073,116.51795043355128,117.39649963378906,453023300
2024-08-30,119.33330911013266,121.54965726206557,117.02711271158417,119.17357635498047,333751600
2024-09-03,115.81910218205195,116.01877002584149,107.11345013644421,107.82228088378906,477155100
2024-09-04,105.23655349888746,113.0836130103624,103.94867525541761,106.03523254394531,372470300
2024-09-05,104.817243866478,109.4695798052194,104.58762658147727,107.0335922241211,306850700
2024-09-06,107.86221523834789,107.97203483673319,100.78387825686288,102.6607894897461,413638100
2024-09-09,104.70741977949132,106.37467762407766,103.51938307487873,106.29480743408203,273912000
2024-09-10,107.63258781478571,109.21997530676359,104.77729355808466,107.92211151123047,268283700
2024-09-11,109.20999122026392,116.99715887318843,107.24323176128858,116.71762084960938,441422400
2024-09-12,116.6577172050991,120.60155948017247,115.19999582839206,118.95413208007812,366052700
2024-09-13,118.8942191250157,119.77284345041441,117.41652479583126,118.9141845703125,238358300
2024-09-16,116.60778773961486,117.9956184829638,114.18157866716109,116.5978012084961,248772300
2024-09-17,117.98564481894722,118.61466685067687,114.65085910577872,115.40966796875,231925900
2024-09-18,115.70919560695407,117.51636932909096,113.04336298957726,113.19313049316406,310318900
2024-09-19,117.16691085083309,119.47331200503227,117.0670683927597,117.68610382080078,293506400
2024-09-20,116.87736694059126,118.43493829364436,115.2099742116256,115.81902313232422,382462400
2024-09-23,116.36817703420066,116.80748542405605,114.68081111279044,116.07862854003906,206228500
2024-09-24,116.33821493002908,121.60998405209612,115.19999404233639,120.68143463134766,354966800
2024-09-25,121.82963321276459,124.74508350925583,121.42027681497308,123.31731414794922,284692900
2024-09-26,126.60217747362803,127.47081527785902,121.6099781665842,123.84648132324219,302582900
2024-09-27,123.7765997601264,123.83650371853182,119.07394858799772,121.21060943603516,271009200
2024-09-30,118.1254274144435,121.31045327548797,117.96568098439478,121.25054931640625,226553700
2024-10-01,121.58001370293499,122.24897417258154,115.60934783662292,116.81745910644531,302094500
2024-10-02,116.25834508658102,119.19375323018366,114.96037016184738,118.66458129882812,221845900
2024-10-03,120.73135864781146,124.16599456239773,120.15226164035356,122.6583480834961,277118000
2024-10-04,124.7450859792245,124.84492844767553,121.63993722019764,124.72511291503906,243678100
2024-10-07,124.79500753108144,130.4361947862503,124.75506901888204,127.520751953125,346250200
2024-10-08,130.0567614433445,133.27173878303944,129.21807567689768,132.6826629638672,285722500
2024-10-09,133.9007678130665,134.31013180466115,131.17503131034326,132.4430389404297,246191600
2024-10-10,131.7042308718923,134.78940697514903,130.79564676847795,134.59970092773438,242311300
2024-10-11,133.80093033986074,135.5681732923908,133.4514855032485,134.58970642089844,170209500
2024-10-14,136.25710420849128,139.38222619629536,136.08737124143596,137.8546142578125,232347700
2024-10-15,137.654906403531,138.3538265330219,128.5391603262797,131.3946990966797,377831000
2024-10-16,133.7709642153392,136.40684475827754,131.37471471629812,135.5082550048828,264879700
2024-10-17,139.12261346955344,140.6701983777905,136.65646567187503,136.71636962890625,306435900
2024-10-18,138.45365135367973,138.68328825202838,137.06582057977474,137.78469848632812,176090200
2024-10-21,137.91451267760561,143.48580932617188,137.78471061125512,143.48580932617188,264554500
2024-10-22,142.68705023422552,144.194689003585,141.55880826832362,143.36598205566406,226311600
2024-10-23,141.80841766733155,142.20778753302577,137.24555525009052,139.34226989746094,285930000
2024-10-24,140.6003124972593,141.12948441968888,138.2439937495604,140.19094848632812,172354900
2024-10-25,140.71013437273555,143.90515439009727,140.5803475394567,141.31918334960938,205122100
2024-10-28,142.77689244758375,142.91667341121004,139.83149806296922,140.30076599121094,173586700
2024-10-29,140.0711235834401,142.0380513591214,138.68329276437913,141.02963256835938,157593600
2024-10-30,139.32228929215535,140.1110653014331,136.59655278062618,139.1226043701172,179418100
2024-10-31,137.38536388537344,137.39534280178046,131.90392225052622,132.5529022216797,270039600
2024-11-01,134.4898615442038,137.09579048755296,134.36007470728345,135.1887664794922,207127800
2024-11-04,136.9959472521015,138.74321710094807,135.3585064031532,135.83775329589844,187528200
2024-11-05,137.23555788662173,140.151000495864,137.11574997671616,139.6917266845703,160537400
2024-11-06,142.73696823952852,146.26145970555473,141.73852838547052,145.38282775878906,242043900
2024-11-07,146.1616297903136,148.69766066609404,145.9419717733186,148.6477508544922,207323300
2024-11-08,148.5378942315628,149.53633403774526,146.03180056765603,147.39967346191406,175665800
2024-11-11,148.44803352101476,148.6177817068004,143.3460203778287,145.0333709716797,182325600
2024-11-12,146.55100082856893,149.41651833977537,145.78219787373922,148.0586395263672,198634700
2024-11-13,148.83742831045777,149.0970171738845,145.67236073742527,146.0417938232422,191903300
2024-11-14,147.40966837696516,148.7675472701728,145.32293261192063,146.53103637695312,194463300
2024-11-15,144.6439744081883,145.0134075079149,139.86145428913719,141.75848388671875,250132900
2024-11-18,139.28237084466085,141.3291757571169,136.93603090489682,139.9313507080078,221205300
2024-11-19,141.09952959154865,146.90046279249913,140.77004260660007,146.7806396484375,227834900
2024-11-20,147.18001681813428,147.3297766964244,142.50731056070873,145.66238403320312,309871700
2024-11-21,149.11701974284432,152.65149063112756,140.4805046221909,146.44119262695312,400946600
2024-11-22,145.70233282975542,146.93042492260167,140.8798813363258,141.72854614257812,236406200
2024-11-25,141.76847182265374,141.82837577269152,135.60810012239304,135.8077850341797,344941900
2024-11-26,137.4851722903331,139.08268223719327,135.45834049580736,136.70639038085938,190287700
2024-11-27,134.7993582371888,137.00591700209634,131.59437486042492,135.12884521484375,226370900
2024-11-29,136.56660913585418,139.1326070072914,135.83775227020575,138.03431701660156,141863200
2024-12-02,138.6134117376161,140.23087948399635,137.60499293345052,138.41372680664062,171682800
2024-12-03,138.04430354930304,140.32074544201365,137.73478959893222,140.0411834716797,164414000
2024-12-04,141.77848830332968,145.56256942155275,140.07114909994493,144.91358947753906,231224300
2024-12-05,144.89360218968224,146.32146235801875,143.73532840807314,144.8436737060547,172621200
2024-12-06,144.38436733563313,145.4827177885172,141.09926510716357,142.2275848388672,188505600
2024-12-09,138.76276188244717,139.74129618907318,136.9255094433844,138.60299682617188,189308600
2024-12-10,138.80268748950093,141.60850970621567,133.5904709096604,134.8685760498047,210020900
2024-12-11,137.1551752087216,139.9609826182475,135.00838729186296,139.10226440429688,184905200
2024-12-12,136.8755860719742,138.2335586289744,135.59749604609573,137.13519287109375,159211400
2024-12-13,138.7327975455873,139.39181692680097,132.34233289302693,134.04978942871094,231514900
2024-12-16,133.9798724705664,134.19954557462145,130.2254857362255,131.80313110351562,237951100
2024-12-17,128.89747709842524,131.39374870651014,126.67080709010266,130.19554138183594,259410300
2024-12-18,133.6603731199009,136.49613412730267,128.08869283192976,128.71775817871094,277444500
2024-12-19,131.56348324328064,133.8301019554315,129.35678784338916,130.48509216308594,209719200
2024-12-20,129.61640819653473,135.07825184796977,128.02878306565836,134.49911499023438,306528600
2024-12-23,136.0767418582626,139.58150132927014,134.9184683016336,139.46168518066406,176053500
2024-12-24,139.7912064019445,141.68836668012935,138.44321367436993,140.01087951660156,105157000
2024-12-26,139.49164551057467,140.63993951863216,137.52458239005412,139.72129821777344,116205600
2024-12-27,138.3433913393573,138.81269167406333,134.50912136885398,136.80567932128906,170582600
2024-12-30,134.628906293037,140.060795108374,133.82011682531788,137.28494262695312,167734700
