Date,Open,High,Low,Close,Volume
2020-01-02,294.91296621198353,296.1435228475682,293.9923228046252,296.1252746582031,59151200
2020-01-03,292.743687465963,295.00426646962256,292.6889985061255,293.8830871582031,77709700
2020-01-06,292.1328118215423,295.08615327203825,292.0143098616565,295.0041198730469,55653900
2020-01-07,294.43897268463854,294.9129805533922,293.7279886988713,294.1746520996094,40496400
2020-01-08,294.3660894233574,296.95480128822834,294.1199891894408,295.74249267578125,68296000
2020-01-09,297.3011366636997,297.820709338136,296.71775096243204,297.7477722167969,48473300
2020-01-10,298.33111551766575,298.4860581981078,296.4260437995196,296.8908996582031,53029300
2020-01-13,297.5108322451486,298.9418965712198,297.0824170116794,298.93280029296875,47086800
2020-01-14,298.4951490779747,299.54339043837496,297.9208876167295,298.4769287109375,62832800
2020-01-15,298.38584690535674,299.9080685509151,298.3038135068561,299.1515197753906,72056600
2020-01-16,300.52795985830204,301.6400146484375,300.30008000636747,301.6400146484375,54050300
2020-01-17,302.3510385750234,302.78855014536276,301.5762414127228,302.57891845703125,95846000
2020-01-21,301.6217259743135,302.78846954692693,301.5488166711206,301.986328125,77742400
2020-01-22,302.84318902456715,303.49038781097767,301.8678844320141,302.0228271484375,48914900
2020-01-23,301.37561848363805,302.77936593801815,300.2635638696882,302.3691711425781,51963000
2020-01-24,303.0254328321711,303.1074662187742,298.3948999055085,299.6801452636719,87578400
2020-01-27,294.4481411214826,296.3532135264237,294.1108833593813,294.8765563964844,84062500
2020-01-28,296.29842651664376,298.84157285281924,294.96761628432836,297.9665222167969,63834000
2020-01-29,299.32471133178075,299.55259115613137,297.5198931086739,297.7204284667969,53888900
2020-01-30,295.66042488337473,298.89633550564963,294.9130001022843,298.6866760253906,75491800
2020-01-31,298.06678837146853,298.22175888029057,292.3515728105219,293.2630920410156,113845600
2020-02-03,294.73972960780577,297.30109625380913,294.6212276647578,295.44158935546875,69083000
2020-02-04,299.0421238964606,300.8104734483571,298.723086598825,299.94451904296875,62573200
2020-02-05,302.87059303020703,303.618045742721,301.4121839936726,303.40838623046875,65951100
2020-02-06,304.3654472195234,304.62067153969036,303.35364621707834,304.42926025390625,50359700
2020-02-07,303.37177798725406,304.438239701868,302.259723629564,302.806640625,64139400
2020-02-10,301.9226265793127,305.13116533874893,301.88615800893024,305.0673522949219,42070000
2020-02-11,306.41633961218275,307.2002328793031,305.0672809970112,305.5959777832031,54864500
2020-02-12,307.0269985310537,307.77445094789596,306.66239641614675,307.5648193359375,43992700
2020-02-13,306.14282963542433,308.2028719590965,305.86938499837,307.2366638183594,54501900
2020-02-14,307.64690946641167,307.8474448392001,306.4528213248784,307.72894287109375,64582200
2020-02-18,306.735347223604,307.79271287619065,305.550355525555,306.9358825683594,57226200
2020-02-19,307.9021483533661,309.077988360176,307.6195795625174,308.4034729003906,48814700
2020-02-20,307.8565243216202,308.67691395841035,304.15575813081296,307.1364440917969,74163400
2020-02-21,305.78739481387316,306.09730805211063,303.1530905628107,303.9734802246094,113788200
2020-02-24,294.5483543223174,304.0463696689848,292.8164454315438,293.8920593261719,161088400
2020-02-25,295.2776038121276,295.8883062471929,284.11149089171784,284.9865417480469,218913200
2020-02-26,286.3812203362082,289.96348567658595,283.20914994146716,283.9383544921875,194773800
2020-02-27,278.4326260777627,283.99289834255785,271.1860656738281,271.1860656738281,284353500
2020-02-28,263.15569806188904,271.5325647241753,260.2752930240666,270.0467834472656,384975800
2020-03-02,271.8241515658398,281.80529862026447,268.40595433040124,281.7414855957031,238703600
2020-03-03,282.1152700822015,286.07126116142535,271.24084970802795,273.6745910644531,300139100
2020-03-04,279.03434596352906,285.39676211227726,276.4911987598748,285.177978515625,176613400
2020-03-05,277.995197331708,281.17639114422417,273.46494478951723,275.6981506347656,186366800
2020-03-06,267.2118873410211,272.3437456449538,264.5502664620457,271.1405334472656,228667200
2020-03-09,250.9412162354038,259.04463500455796,249.2549280257215,249.9659118652344,309417300
2020-03-10,259.45487913879975,262.99155082298614,249.30054030564344,262.9004211425781,276444100
2020-03-11,255.863530672836,256.9938059331485,246.912402650246,250.08447265625,255316300
2020-03-12,233.34891409586524,243.06571205997136,225.76506771158364,226.1570281982422,392220700
2020-03-13,239.8116116538747,247.45927200830852,226.5307825549705,245.49038696289065,329566100
2020-03-16,219.84022288446775,234.16930770515287,216.3582263151674,218.62791442871097,297240000
2020-03-17,223.35868442017195,233.50391264622428,216.0938883539165,230.4320831298828,262070500
2020-03-18,215.34648084640503,226.3940926828577,207.84467929166857,218.76467895507812,327597100
2020-03-19,218.08101328487268,225.49167035009617,211.67303310856977,219.22952270507812,289322000
2020-03-20,222.3707472149836,224.14949538908877,209.50693107809147,209.7819976806641,347158800
2020-03-23,209.22271174158337,210.58885308857097,200.1180920586079,204.4182586669922,326025200
2020-03-24,214.9348855755391,223.81028619851725,214.3664247760725,222.93923950195312,235494500
2020-03-25,224.5162352253458,235.04201992086357,219.82181757105965,226.27664184570312,299430300
2020-03-26,228.7797629312914,240.95590684573168,228.34882847309677,239.48892211914065,257632800
2020-03-27,232.2179882488624,239.13125094392717,230.18251539899777,232.3555145263672,224341200
2020-03-30,234.44598507045504,240.61657754872647,232.45635908535013,239.9014129638672,171369500
2020-03-31,238.9020663927464,241.44181196172076,234.92281361805345,236.3256378173828,194881100
2020-04-01,227.36769465180856,236.24309237023044,223.62682592656952,225.68980407714844,189554600
2020-04-02,224.80964222485147,231.67705936295383,224.25950903784965,230.8977203369141,177660400
2020-04-03,229.91662928983567,232.2638518564536,224.83712454211465,227.5602569580078,135561200
2020-04-06,236.40812276656249,244.80673935456576,227.54190283658448,242.8446044921875,188061200
2020-04-07,251.41744466183377,252.16929234238347,242.8721515432312,243.0921936035156,201427200
2020-04-08,245.6869771638037,253.0586948036147,243.20224201687972,251.25244140625,153774500
2020-04-09,254.50734750334323,257.8264741218556,252.57274558290803,255.07583618164065,189999200
2020-04-13,254.10397034489313,254.44321124594032,248.85024130979565,252.7469787597656,114839100
2020-04-14,257.6248038351175,261.2189556921162,252.60947200950213,260.20123291015625,134143400
2020-04-15,254.49824549327255,260.3387633386726,252.56361522887224,254.6724548339844,121775000
2020-04-16,255.94683374609875,256.75369195266023,252.83862767870144,255.9010009765625,131798300
2020-04-17,261.6590540286196,263.41944685021514,258.92674327686353,262.8143310546875,146684800
2020-04-20,259.11931962908403,262.95189746439894,257.9640704078135,258.1841125488281,100109300
2020-04-21,253.7279824157428,254.92909188820968,249.4094613850949,250.34469604492188,126385700
2020-04-22,255.21334154791583,257.64306593294725,253.89303320643955,255.9010009765625,92951600
2020-04-23,257.17549374033564,260.33873886010645,255.58013253954968,255.8826904296875,104709700
2020-04-24,257.39560066112443,260.11873398584896,255.3509492350438,259.44940185546875,85063200
2020-04-27,261.42067588061485,264.30884067979105,260.9622361353189,263.19024658203125,77896600
2020-04-28,266.8302216256885,267.1786402598977,261.67736409264813,261.9799499511719,105270000
2020-04-29,267.29784515422165,270.36939668055743,266.2709447231819,268.83819580078125,118745600
2020-04-30,267.4628878219718,268.93907823852754,264.60222850800403,266.33514404296875,122901700
2020-05-01,261.5949198596324,266.5002313799912,258.11993829550914,259.2843933105469,125180000
2020-05-04,257.40466678621465,260.30200851871746,255.92850465269152,259.99945068359375,80873200
2020-05-05,262.8142792143297,265.2073206037957,260.12780177122573,262.40167236328125,79569900
2020-05-06,264.09790497007816,264.48297858278846,260.19199044127004,260.6229248046875,73632600
2020-05-07,263.83207158010157,265.69333581380084,263.2636107768448,263.76788330078125,75250400
2020-05-08,266.89443979354115,268.5998501465137,265.76666797978606,268.1322326660156,76452400
2020-05-11,266.2068230583022,269.56260579427084,265.7850662716561,268.1872863769531,79514200
2020-05-12,269.37006673219304,269.78264576548486,262.7043341023588,262.8418884277344,95870800
2020-05-13,262.2825114779081,263.31858964743844,255.7726623265701,258.1932373046875,144721100
2020-05-14,255.76356766017756,261.41152119733994,250.29894526780333,261.2831726074219,121977900
2020-05-15,258.8992207520091,262.5300551877956,257.95483612918537,262.4842224121094,111146300
2020-05-18,268.6915050760796,272.0839701507051,268.3706196611589,270.47943115234375,119703800
2020-05-19,269.88350227805404,271.58888481740087,267.68299694495283,267.7013244628906,95189300
2020-05-20,271.2313006225374,273.11089240666524,271.0020807473539,272.2490234375,85861700
2020-05-21,272.1206583812847,272.92751677002803,269.278326504917,270.3694152832031,78293900
2020-05-22,270.0852232989164,271.05711341057327,268.8474302756722,270.8829040527344,63958200
2020-05-26,276.83335693039163,277.07175449936034,270.90114681308035,274.2202453613281,88951400
2020-05-27,277.0075509205538,278.3370370080894,272.1939349208289,278.30035400390625,104817400
2020-05-28,279.3272767982314,281.3352447299404,277.1175942986496,277.78692626953125,90405200
2020-05-29,277.3193091660714,279.61150744849493,274.5778489741923,279.02471923828125,119090800
2020-06-01,278.38295609279857,280.7576706979194,277.8695057987693,280.15252685546875,55758300
2020-06-02,281.06934373149255,282.51802872321025,279.739885508997,282.47216796875,74267200
2020-06-03,284.4526057998422,287.1849160018017,284.17755322085765,286.2313537597656,92567600
2020-06-04,285.2503028822557,286.98321817364206,283.3890390401753,285.4795227050781,75794400
2020-06-05,290.86169285851645,294.565865879508,290.797504578311,292.7962951660156,150524700
2020-06-08,293.60310815038525,296.52795553104175,293.0621526886974,296.3354187011719,73641200
2020-06-09,293.6764120455833,296.408722278723,292.8145433136846,294.1257019042969,77479200
2020-06-10,294.70338803982554,295.5927621739855,291.7693627776029,292.4845275878906,95000800
2020-06-11,285.57125517345406,286.2039042091924,275.07300264511355,275.62310791015625,209243600
2020-06-12,282.6188503742168,283.3890255846192,273.78014897594073,278.923828125,194678900
2020-06-15,273.2483818586524,282.65557322051234,272.0747773753375,281.5278015136719,135782700
2020-06-16,289.2571484357814,289.4038525103005,282.0963219351536,286.94659423828125,137627500
2020-06-17,287.96425988813667,288.2576679504427,285.0210574809537,285.75457763671875,83398900
2020-06-18,284.2417577526698,286.34139118127837,283.78331810749904,285.8646240234375,80828700
2020-06-19,289.32364222607004,289.5170263493881,282.2878438676283,284.2309875488281,135549600
2020-06-22,283.6323128106449,286.45030759053503,282.490388367676,286.0543212890625,74649400
2020-06-23,288.6973036318922,289.6274357096655,286.9659809185993,287.3711853027344,68471200
2020-06-24,285.3360276763805,285.95305250280444,278.20816137818287,280.040771484375,132813500
2020-06-25,279.469847494696,283.31007226818923,277.4530430466422,283.0429992675781,89468000
2020-06-26,281.94701982624827,282.1588401533544,275.74006876304765,276.3202209472656,127961000
2020-06-29,277.5727536803356,280.5196622715444,275.28887633629,280.38153076171875,79773300
2020-06-30,279.9486930198918,285.6675903215087,279.792153347328,283.97308349609375,113394800
2020-07-01,285.08739818187286,287.22392574002134,284.62694111006857,285.9622497558594,72396500
2020-07-02,289.38812818341444,290.73268342432607,286.8740498917253,287.537109375,69344200
2020-07-06,291.3496151795207,292.55601050927066,290.6036769406393,291.975830078125,61713800
2020-07-07,290.43785396731937,292.4085952599446,288.5868078840447,288.9643859863281,82910000
2020-07-08,289.7288707575168,291.28521836796824,287.9699489555789,291.1747131347656,54638600
2020-07-09,291.78240850045916,292.0218551502653,286.1095744969354,289.5169677734375,83354200
2020-07-10,289.45251680342045,292.74018697945144,288.02511114921197,292.4731140136719,57550400
2020-07-13,294.8122566026346,297.18820278628755,289.2867716039281,289.94061279296875,102997500
2020-07-14,288.5223761645233,294.47150148289853,287.3251990766644,293.69793701171875,93657000
2020-07-15,296.9118582248771,297.49203848703377,294.0201750465289,296.3961486816406,87196500
2020-07-16,294.49912983927373,295.87128286396967,293.85447872341933,295.4200439453125,54622500
2020-07-17,296.4238694209868,297.0593024720893,294.45309952821765,296.2765197753906,62774900
2020-07-20,296.0094731698983,299.4168672808463,295.26353484413016,298.6709289550781,56308800
2020-07-21,300.632362197425,301.07438289503006,298.32085925130195,299.3062438964844,57292200
2020-07-22,298.94720120561465,301.3231758826921,298.83669598418305,301.0100402832031,57792900
2020-07-23,300.65084417889534,301.3507479273714,296.05549155599056,297.4184265136719,75738000
2020-07-24,295.5674004213925,296.5251308789289,294.00183516323403,295.5029296875,73766600
2020-07-27,296.1935565965724,297.8327822943415,295.40155598984086,297.6578063964844,48293000
2020-07-28,296.9303216498821,298.0446479275418,295.4752897615271,295.7699890136719,57495000
2020-07-29,296.64488066256155,299.9693955729184,296.60803622504216,299.4076232910156,48454200
2020-07-30,296.44230479428404,298.7538086591065,294.3610576063959,298.3393859863281,61861700
2020-07-31,300.1258761780566,300.7981535361253,295.9172923240878,300.69683837890625,84986800
2020-08-03,302.35455324026356,303.551730444188,301.8112172413089,302.7873840332031,53077900
2020-08-04,301.930856580021,303.9568786621094,301.930856580021,303.9568786621094,41917900
2020-08-05,305.2554171505095,306.10267054186585,304.98834417548517,305.84478759765625,42697700
2020-08-06,305.2645475255263,308.0088529414731,304.94222204199883,307.8891296386719,43679400
2020-08-07,306.9223032635199,308.39577169944573,306.01979717179796,308.11029052734375,57308300
2020-08-10,308.56148325207386,309.21532440909493,306.62755797641967,309.0311584472656,44282100
2020-08-11,310.2098820833046,310.84531498254,305.7526617595523,306.48016357421875,69601100
2020-08-12,308.91143712616207,311.526829875344,308.8838108265044,310.7532653808594,53774400
2020-08-13,309.9888955675153,311.4992082489788,309.2705836615696,310.1914978027344,41816100
2020-08-14,309.80469729931406,310.73482947821054,309.0771673345119,310.20068359375,47260400
2020-08-17,311.2137530113555,311.58211307766084,310.2099598864431,311.1861267089844,35481000
2020-08-18,311.5821682959095,312.28207221877597,309.9889762993076,311.85845947265625,38733900
2020-08-19,312.23591780968894,312.7516274630557,309.9981032669653,310.55987548828125,68054200
2020-08-20,308.8378341384851,312.00578186582436,308.70892073892423,311.52691650390625,42207800
2020-08-21,311.19524299382766,312.85287680171285,310.85448123734926,312.6318664550781,55106600
2020-08-24,315.06311760311377,315.87352648257695,312.6042927708127,315.79986572265625,48588700
2020-08-25,316.3616932240013,316.9879082126617,315.20133219483836,316.905029296875,38463400
2020-08-26,317.49438668215004,320.3491982017806,316.95105067989545,320.0821533203125,50790200
2020-08-27,320.94779884525434,322.2278548973866,319.1243787139967,320.7820129394531,58034100
2020-08-28,321.804237442081,322.983006410203,320.61625033931085,322.85406494140625,48588900
2020-08-31,322.64226783208227,323.51711938437126,321.4542807471516,321.68450927734375,66099200
2020-09-01,322.5132963995055,324.81558148751446,321.6200086611954,324.71429443359375,54908700
2020-09-02,326.62070244183883,330.37802059599454,325.4787495455929,329.41107177734375,69540000
2020-09-03,327.72571683022153,328.19539204398836,315.4959779391516,318.0745544433594,148011100
2020-09-04,318.7560217314167,320.32155893623025,308.3865193279406,315.4775695800781,139156300
2020-09-08,310.0809875272591,315.54202965407626,306.55389879011744,306.8577880859375,114465300
2020-09-09,310.85461330882225,315.37630593191915,309.98895161129644,312.91748046875,91462300
2020-09-10,314.78685053527204,315.4406916483202,306.52625029812896,307.4840087890625,90569500
2020-09-11,309.26141246287096,310.32045816888535,304.8225992871863,307.6405944824219,84680200
2020-09-14,310.79936944297793,313.4608253569491,307.78798968967357,311.6926574707031,65605700
2020-09-15,314.1422160421619,314.97103311859536,311.70179927663685,313.2673645019531,52920900
2020-09-16,314.50136995908423,315.9287755119788,311.7478178059842,312.02410888671875,82096000
2020-09-17,307.18007184112935,310.99266929417666,306.65514411572747,309.2797546386719,91523300
2020-09-18,310.08320026859406,310.1941477907214,303.2411636439755,305.7190856933594,105877900
2020-09-21,301.1424482202814,302.46462040076045,297.4717824473857,302.3166809082031,99450800
2020-09-22,303.7959671425477,305.9502737084909,301.29027968535905,305.3955078125,63612100
2020-09-23,305.9503536740996,306.22775080288056,297.8138791281714,298.31317138671875,93112200
2020-09-24,297.0001579503366,302.15941605078405,295.68721289484193,299.1082458496094,76681300
2020-09-25,298.2575635423611,304.72976588504673,297.3884651870098,303.9438781738281,71069400
2020-09-28,308.0953544774506,309.70415018624124,307.1060252515909,308.9922180175781,64584600
2020-09-29,308.78884527571864,309.52851442541044,306.616028350716,307.3094787597656,51304000
2020-09-30,307.9752282610911,312.78316294549495,307.7810700245136,309.6395263671875,104081100
2020-10-01,312.22833451482296,313.1991537202758,309.75041203082435,311.6273498535156,88698700
2020-10-02,306.68997933659404,311.59960544931795,306.21842407966096,308.6686096191406,89431100
2020-10-05,310.72136057489456,314.32729826028697,310.6751418188503,314.14239501953125,45713100
2020-10-06,314.28100446334764,316.3706109226611,309.1679640929143,309.6764831542969,90128900
2020-10-07,312.6259052380061,315.87126190492677,312.598168352672,315.0668640136719,56999600
2020-10-08,316.99928967685366,317.9238901844621,316.083915987055,317.8591613769531,45242500
2020-10-09,319.50501111946494,321.16005424971684,318.8855444605007,320.69775390625,59528600
2020-10-12,323.2311019429976,327.32707559553944,322.7410647815939,325.8569641113281,80388500
2020-10-13,325.7182319216309,325.89390825718806,322.7687543508322,323.7303466796875,73255500
2020-10-14,324.30360807019053,325.39462982999737,320.96581398724754,321.69622802734375,57727900
2020-10-15,317.7944619067174,321.7794882050628,317.25820597808996,321.2987060546875,60357700
2020-10-16,322.648589773227,324.30363260576735,320.92884634883575,321.1045227050781,89501900
2020-10-19,322.36195837394564,322.99067994136914,315.3257621196153,316.2226257324219,68425600
2020-10-20,317.5632439464316,320.72538971441617,316.80509306669023,317.4892883300781,60051900
2020-10-21,317.44313504454004,319.60672543903087,316.583263194965,316.8883972167969,63575000
2020-10-22,317.1010016263074,319.20908978421284,314.96517658013624,318.6265869140625,55399300
2020-10-23,319.84705846131055,319.9025322364598,317.258188232449,319.7083740234375,49143900
2020-10-26,316.33359795190205,317.1195140807674,310.31443920384794,313.8002014160156,91473000
2020-10-27,314.14221515369485,314.47505772642944,312.5056545213952,312.71832275390625,65994100
2020-10-28,307.05985871686283,312.7461466489848,301.5399921174108,302.030029296875,127094300
2020-10-29,302.2612006889962,308.26184985459844,300.5784207406355,305.0997314453125,90597700
2020-10-30,303.52792464897027,304.8316150562413,298.2761993068476,301.91912841796875,120287300
2020-11-02,305.3031311035156,307.3002435800331,302.566292996373,305.3031311035156,86068300
2020-11-03,308.5300107397287,312.7461876866935,305.38637399387943,310.6935729980469,93294200
2020-11-04,315.1594080860358,321.70559740471685,313.98517525430054,317.6373596191406,126959700
2020-11-05,322.9074308608974,325.635013295376,322.5560781983881,323.83203125,82039700
2020-11-06,323.5453274105806,325.00621146552777,321.43724017318056,323.75799560546875,74973000
2020-11-09,336.5268178489835,336.90590740925865,327.3640242503452,327.8263244628906,172304200
2020-11-10,326.8370033607283,328.39958037530033,324.0817120840673,327.3455505371094,85552000
2020-11-11,329.52768350264563,330.6002236995473,328.28872195189047,329.77734375,58649000
2020-11-12,328.76942360523407,329.82348168786507,324.7751710085161,326.578125,67546200
2020-11-13,328.4827306460504,331.8390341702382,327.9649567476339,331.099365234375,62892200
2020-11-16,333.762310414162,335.42658008620566,332.4771021299016,335.232421875,74541100
2020-11-17,332.82848911220765,334.63147162301595,331.3213855742676,333.4294738769531,66111000
2020-11-18,333.6976230414402,334.24313403742127,329.3797256027603,329.4167175292969,70591300
2020-11-19,328.7879967400085,331.1734540014024,327.44731451105605,330.8036193847656,59940900
2020-11-20,330.5447258643978,330.7481391320541,328.4643744428736,328.538330078125,70417300
2020-11-23,330.34126910985094,331.7651617960009,328.1129784945893,330.5076904296875,63230600
2020-11-24,333.05037819016013,336.3789460330993,332.19976142931375,335.83343505859375,62415900
2020-11-25,335.75029837487693,335.77803527065635,334.2247126738547,335.31573486328125,45330900
2020-11-27,336.40664748720786,336.7210082758483,335.24164181075275,336.2494812011719,28514100
2020-11-30,335.4727353400609,335.7408773444086,332.0887228617469,334.76080322265625,83872700
2020-12-01,338.00621842500254,339.95711197569057,337.4144605490259,338.4222717285156,74231400
2020-12-02,337.3127825968703,339.2914131198718,336.73953476512753,339.1342468261719,45927000
2020-12-03,339.03249301288866,340.4286487496057,337.94147123204993,339.041748046875,62882000
2020-12-04,339.6243537638906,341.9635925292969,339.53188804571107,341.9635925292969,50749900
2020-12-07,341.1961049259402,341.75087093197277,339.9941354266788,341.2608337402344,48944300
2020-12-08,339.9940864550397,342.82336164005824,339.9478677180988,342.2593688964844,42458900
2020-12-09,342.915836132159,343.0730024150456,338.35756246336115,339.189697265625,74098300
2020-12-10,337.8212640589187,340.1235101648178,336.9521373730438,339.0787353515625,57735400
2020-12-11,337.38677808710827,339.08803993012464,335.87044766430864,338.68121337890625,57698600
2020-12-14,340.8447456280566,341.91725738932104,336.9891490851876,337.1648254394531,69216200
2020-12-15,339.69817587761173,341.7230529785156,338.3297853661233,341.7230529785156,63865300
2020-12-16,341.935753088197,343.1747143338236,341.0573713537836,342.2593688964844,58420500
2020-12-17,343.895879454076,344.37666151029305,343.07297154354643,344.1732482910156,64119500
2020-12-18,344.461170106029,344.62830083764095,340.79341847573585,342.799072265625,136542300
2020-12-21,338.8898932592316,351.4159127548199,336.15997816972384,341.5733642578125,96386700
2020-12-22,341.8983367429737,342.0097572148125,339.87412260631737,340.9976501464844,47949000
2020-12-23,341.9634866992638,343.20772972464715,340.97923433087317,341.3042297363281,46201400
2020-12-24,341.7776869993081,342.6598131310871,341.19272941054123,342.6319580078125,26457900
2020-12-28,345.1761449139129,345.9654111690172,344.5540377310399,345.575439453125,39000400
2020-12-29,347.0981859364546,347.2746111341923,344.33112134700883,344.9161071777344,53680500
2020-12-30,345.733259466037,346.4389603203097,345.0182924625775,345.40826416015625,49455300
2020-12-31,345.2132645868987,347.8874694685123,344.7025779385661,347.1632080078125,78520700
2021-01-04,348.49100217915696,348.62101162593734,338.75060828235917,342.4369201660156,110210800
2021-01-05,341.7962383123607,345.88181651795514,341.74979422078724,344.79541015625,66426200
2021-01-06,343.291214067815,350.04173174075373,342.74337775337597,346.8568115234375,107997700
2021-01-07,349.2245069915542,352.7529537930365,349.04808181779595,352.0101318359375,68766800
2021-01-08,353.3937336428552,354.22941562712896,350.1531317059406,354.015869140625,71677200
2021-01-11,350.84951439553026,353.3844152987946,350.7287994312137,351.6294860839844,51034700
2021-01-12,351.8152452148604,352.7159036317569,349.4660070637659,351.70379638671875,52547700
2021-01-13,351.6294773146356,353.6443970420134,350.84950564563337,352.65087890625,45303600
2021-01-14,353.39375334288167,353.8951738961369,351.08169311224,351.41595458984375,49989100
2021-01-15,349.800282405299,350.59881478443,346.9960962553196,348.8531799316406,107160000
2021-01-19,351.3045005009363,352.13091630295105,349.8281224423444,351.59234619140625,51233300
2021-01-20,353.87651262058415,357.2935676023044,353.48654097639,356.4578857421875,61836100
2021-01-21,357.0150639404166,357.4422136144088,355.8636810590546,356.7829284667969,47840100
2021-01-22,354.9350947122526,356.68075778914084,354.55438918277406,355.52008056640625,52860500
2021-01-25,356.25365943655754,357.27503278883,351.4159360582794,356.9222106933594,70402000
2021-01-26,357.86928439217473,358.2778450349725,356.1329158287073,356.36505126953125,42665300
2021-01-27,353.0502529709395,353.14311284162346,345.4269308132445,347.6554260253906,123351100
2021-01-28,349.465906140877,354.6378897005829,349.02951878829003,350.6451721191406,94198100
2021-01-29,348.78814770996314,349.75383907984985,341.9540655846165,343.6254577636719,126765100
2021-02-01,347.01471794004243,350.3760354516339,343.9133910554013,349.3453674316406,75817600
2021-02-02,352.52087154806475,355.8357724135965,349.42883997274356,354.28509521484375,64450700
2021-02-03,355.11152644432576,356.2814981741382,353.2915924599428,354.5636901855469,52427100
2021-02-04,355.59436662167684,358.63998265068375,354.6751192898168,358.59356689453125,47142600
2021-02-05,360.4599486119879,360.7106447040377,358.54715471512554,360.00494384765625,48669800
2021-02-08,361.4534473259199,362.6512741525483,360.59920475972706,362.6048583984375,38365200
2021-02-09,361.769153490128,362.9577141856532,361.3606211720995,362.3634338378906,35551100
2021-02-10,364.0997382243803,364.2483082851128,359.809880441782,362.20550537109375,59154400
2021-02-11,363.2826838806573,363.7005390243798,360.3670773709089,362.7905578613281,42913300
2021-02-12,361.9919719175586,364.8240126465975,361.9176727161063,364.5826110839844,50593300
2021-02-16,365.80835069289986,366.0033648900088,363.55200072791945,364.2669677734375,50972400
2021-02-17,362.52129645099154,364.6012209832248,361.5091609681263,364.35052490234375,52290600
2021-02-18,361.7506089186291,363.5426878534969,360.03280086210617,362.79986572265625,59712800
2021-02-19,364.05338233465426,364.34122801938736,361.71343891444184,362.1591491699219,83241000
2021-02-22,359.401420796986,361.7784857626213,359.1042805920692,359.3735656738281,67414200
2021-02-23,357.17294188013483,361.1563946906502,353.0316528102948,359.80999755859375,107284100
2021-02-24,358.7235712258007,364.2019909749651,357.7393191021612,363.77484130859375,72433900
2021-02-25,362.5119712403062,363.8769286831077,353.5701100677541,355.00933837890625,146670500
2021-02-26,356.88510798823404,358.02719646343246,351.20243572701213,353.1802062988281,152701600
2021-03-01,358.03645997578053,362.98560406297776,353.3751899411778,361.7413330078125,105348800
2021-03-02,361.964195274004,362.19633073939394,358.41715856200267,358.9185791015625,79595300
2021-03-03,358.22221361056233,359.18787685432164,354.0623353944959,354.16448974609375,119940200
2021-03-04,353.9787065028338,356.5600515760826,345.306129482108,349.7817077636719,183433000
2021-03-05,353.2730320198999,357.265779064072,346.01185613057277,356.2165222167969,152039600
2021-03-08,357.1728776946545,359.9770636155982,354.1644114525265,354.4429626464844,123149200
2021-03-09,358.27788847962165,362.04776622878813,357.77646793232316,359.5035705566406,113633600
2021-03-10,361.8434873497362,363.4312860296286,360.4321138939262,361.7413330078125,109899400
2021-03-11,364.2020254315957,367.3776230858602,363.74702059931354,365.40911865234375,86245000
2021-03-12,364.0533645809201,366.04042915723414,363.2455378059453,365.9011535644531,64653600
2021-03-15,366.15189953144346,368.34327305827475,364.01626458616573,368.0832824707031,73427200
2021-03-16,368.6960693202915,369.401741761804,366.84825201962127,367.6189575195313,73722500
2021-03-17,366.3375987365771,369.6710604301495,365.1954821103504,368.8725280761719,97959300
2021-03-18,366.2911796002453,368.37110416522074,362.8277084837041,363.5055541992187,115349100
2021-03-19,363.2056353786761,364.7800131432064,360.6624031983592,362.8330078125,113624500
2021-03-22,363.3453133880508,367.1089166376452,363.28942068287944,365.7301635742187,73778600
2021-03-23,365.09668084256,366.5406230570263,362.0690362260645,362.8515625,90686600
2021-03-24,364.24899956726335,365.8792700256846,360.96051229403434,361.007080078125,97588600
2021-03-25,359.5724734221165,363.829786798647,357.634764555162,363.0379638671875,116128600
2021-03-26,364.18373344592686,369.2888184936757,363.5875351124933,368.88824462890625,114409100
2021-03-29,367.4163152580118,369.60554090899944,365.93510175704296,368.701904296875,108107600
2021-03-30,367.43499693096027,368.39452632963565,366.13075792489735,367.7237854003906,76262200
2021-03-31,368.2919754370403,370.76998933005086,368.26402908759354,369.2142333984375,112734200
2021-04-01,371.14265609357545,373.2573676676709,370.9377066993824,373.2014465332031,99682900
2021-04-05,375.8564897892532,379.0984090413507,375.7819756542243,378.5580749511719,91684800
2021-04-06,377.9991164320186,379.3778410378448,377.663731778131,378.33447265625,62021000
2021-04-07,378.1668155866389,379.1170200378233,377.7103490017058,378.7723388671875,55836300
2021-04-08,380.0205904696696,380.6261136446718,379.089007606696,380.5702209472656,57863100
2021-04-09,380.44927305448385,383.5048647840645,380.3281626908964,383.337158203125,61104600
2021-04-12,382.74087863290447,383.7469757570129,382.135355372954,383.4768371582031,56704900
2021-04-13,383.37434940887186,385.2375154018544,382.9923969687516,384.61334228515625,56551000
2021-04-14,384.585457098943,385.6381506011491,382.759562095724,383.2998962402344,61659900
2021-04-15,385.4332038083171,387.687647542853,385.38663602263046,387.41748046875,60229800
2021-04-16,388.7030774145645,389.3179257179002,387.287081231819,388.71240234375,82037300
2021-04-19,387.7807916208064,388.227933315343,385.4797802188034,386.8026123046875,78498500
2021-04-20,385.5914650988826,386.69072605086455,382.498603179726,383.9705200195313,81851800
2021-04-21,383.3557434051097,387.808709170284,383.2159832062883,387.603759765625,66793000
2021-04-22,387.4361366812249,388.265230915813,383.0017917121167,384.0637817382813,97582800
2021-04-23,384.6226230049808,389.63454349879055,384.548108882875,388.2278442382813,73209200
2021-04-26,388.8799769021268,389.6066104434803,388.29307511302295,389.038330078125,52182400
2021-04-27,389.3364201598553,389.5320730309627,387.8179355403281,388.9544677734375,51303100
2021-04-28,389.2246648182536,390.342575715046,388.3769209336228,388.84271240234375,51238900
2021-04-29,391.56289934262634,391.93552678623496,387.94835343735446,391.3206787109375,78544300
2021-04-30,389.05707214653626,389.90481621732505,387.8553219330377,388.7496337890625,85527000
2021-05-03,390.7338721703828,391.1158246327663,389.0943053331574,389.5880432128906,68128300
2021-05-04,387.6037024349062,388.0974402326931,383.5047433776642,387.1844787597656,101591200
2021-05-05,388.8240877515174,389.0569834839452,386.7466475835862,387.30560302734375,60162200
2021-05-06,387.38008968955535,390.5288443174939,385.3771922186021,390.3984375,74321400
2021-05-07,391.1624559692286,393.8919877300399,390.4823900464042,393.2398681640625,67733800
2021-05-10,393.59381081117,393.81738162988034,389.2246843410474,389.3457946777344,81852400
2021-05-11,384.8369586713548,386.8584779431412,382.0049382756216,385.8710021972656,116888000
2021-05-12,383.0947921692254,384.3617310883,376.3594385175176,377.6729736328125,134811000
2021-05-13,379.2194050999008,384.1381609895196,379.1728089035994,382.2097778320313,106394000
2021-05-14,384.9393967974584,388.9265708311616,384.9114504451291,388.0788269042969,82201600
2021-05-17,386.97028771615726,387.90187074432333,385.0791468765085,387.09136962890625,65129200
2021-05-18,387.3521831986254,387.59440386559174,383.597905008926,383.75628662109375,59810200
2021-05-19,379.0797117393857,382.92712508894346,377.5984699667049,382.7501220703125,106467100
2021-05-20,383.6258484249689,388.12541000565056,383.50476652206805,386.8677673339844,78022200
2021-05-21,388.3489736323711,389.58799485674376,386.09455884988506,386.551025390625,76578700
2021-05-24,388.7868558465473,391.5629834929008,388.5446351628032,390.4916687011719,51376700
2021-05-25,391.572218425638,391.9262244678643,389.0476367876896,389.6252136230469,57451400
2021-05-26,390.2121095554055,390.9014717770301,389.1780662229686,390.3984375,43088600
2021-05-27,391.4232216191229,391.9355808710809,390.3239321287522,390.6034240722656,56707700
2021-05-28,392.1684587891069,392.42930086674016,391.069197778342,391.3020935058594,58520200
2021-06-01,393.6590742965092,393.79880607447905,390.5196438229263,390.9574890136719,54216600
2021-06-02,391.60959794586466,392.4107742254593,390.60350066902646,391.57232666015625,49097100
2021-06-03,389.2619780804106,391.2555509981351,387.7993858877597,390.1190185546875,58138800
2021-06-04,391.963516582505,393.9850640433869,390.18418978016194,393.68695068359375,55938800
2021-06-07,393.6776507018846,393.85465374362394,392.3734402072181,393.3050231933594,51555000
2021-06-08,394.1619951805077,394.2551591488768,391.5628995698148,393.3887939453125,47134300
2021-06-09,394.22732293544,394.30186550282065,392.5784311103021,392.802001953125,48436300
2021-06-10,394.0223453765083,395.5781015257895,392.7088099094243,394.62786865234375,51020100
2021-06-11,395.17753829078254,395.3917841957337,393.8919491424424,395.2799987792969,45570800
2021-06-14,395.3917482511851,396.2674385065435,394.1527554254345,396.16497802734375,42358500
2021-06-15,396.3140141846101,396.3512570316687,394.5626337646086,395.4383239746094,51508500
2021-06-16,395.5781066988787,395.8016775286566,391.19035858653814,393.2304992675781,80386100
2021-06-17,392.8205731235447,394.0781872921691,390.63134762723126,393.10003662109375,90949700
2021-06-18,389.8250684379665,390.5166859456781,387.5913161649363,387.79693603515625,118676300
2021-06-21,389.5540951870982,393.53563141151994,388.74097097735967,393.34869384765625,72822000
2021-06-22,393.33938339648705,396.28346475320944,392.61969941589416,395.4516296386719,57700300
2021-06-23,395.52640432656335,396.33017311106846,394.8908622379778,394.9749755859375,49445400
2021-06-24,397.115319978314,397.7321512462469,396.86295139148933,397.31158447265625,45110300
2021-06-25,398.0592289946144,399.1714418641056,397.73210252899935,398.7228088378906,58129500
2021-06-28,399.2462030135846,399.6948074887242,398.0498768754374,399.5265808105469,53159600
2021-06-29,399.9098038354574,400.5453458904214,399.20883078354126,399.7415771484375,35970500
2021-06-30,399.2836525253773,400.75102986074927,399.25561473972493,400.0780944824219,64827900
2021-07-01,400.83506919032,402.4519905914438,400.76963819499144,402.2930908203125,53441000
2021-07-02,403.45206040174946,405.72320623377107,402.3772122424309,405.3680419921875,57697700
2021-07-06,405.4240804253988,405.6390557421083,401.9005331586208,404.629638671875,68710400
2021-07-07,405.3119686849688,406.34006819983387,403.3025183056718,406.0596618652344,63549500
2021-07-08,400.7510662186491,403.50823898951415,399.57342206906736,402.7511901855469,97595200
2021-07-09,404.2558173257462,407.3494426746745,402.5547825987507,407.05035400390625,76238600
2021-07-12,406.9662269112006,408.7607303525051,406.536304788165,408.50836181640625,52889600
2021-07-13,407.7233490688548,409.2187641194226,406.85414923191337,407.1158447265625,52911300
2021-07-14,408.8074721795963,409.29349840963926,406.4802508086064,407.7232971191406,64130400
2021-07-15,406.38676403559714,407.0596992666777,404.4333893354509,406.3306884765625,55126400
2021-07-16,407.5083846304413,407.5551047614192,402.751117276548,403.1436462402344,75874700
2021-07-19,398.3302530154178,403.20902632092094,394.38611039278754,397.19000244140625,147987000
2021-07-20,397.8535190980429,404.15294829625935,397.0590774391509,402.8818359375,99608200
2021-07-21,404.07824240394586,406.28398573679834,402.8351960952672,406.1437683105469,64724400
2021-07-22,406.3213884076943,407.2373368678416,405.34003746820474,406.9943237304687,47878500
2021-07-23,408.91963853760046,411.5179109011736,408.2373763394922,411.1814575195313,63766600
2021-07-26,410.5926462837905,412.20021236866125,410.5459261537889,412.19085693359375,43719200
2021-07-27,411.15341783224966,411.1814556139232,407.48965273178777,410.312255859375,67397100
2021-07-28,410.93845431834467,411.51792083805464,408.7233839343774,410.1440124511719,52472400
2021-07-29,411.0693007705477,412.9198513896068,411.05994533585215,411.8450317382813,47435300
2021-07-30,409.2841865056366,411.29363706752343,409.15332449973266,409.844970703125,68951200
2021-08-02,411.5553422417352,412.1067710167303,408.6299431376853,408.985107421875,58783300
2021-08-03,409.77944541953616,412.43379291943126,407.5924132229183,412.3122863769531,58053900
2021-08-04,411.0319645301903,412.2843664783354,410.0506135217893,410.2842712402344,46732200
2021-08-05,411.4431679198543,412.96662067268136,411.1253968736616,412.8825073242187,38969700
2021-08-06,413.2002671340216,413.9853535543252,412.9198607907698,413.5647583007813,46930000
2021-08-09,413.5366565217107,413.8544275100853,412.4618370122482,413.2282409667969,41222600
2021-08-10,413.676878576167,414.4526380263717,412.9946164227404,413.7423095703125,43339300
2021-08-11,414.8077789542653,414.86385451105014,413.6862107732414,414.7703857421875,44034300
2021-08-12,414.620806801795,416.1536146197165,413.7235694454802,416.0133972167969,38909400
2021-08-13,416.4621552133837,416.7892817139917,415.9761574416634,416.7705993652344,39470300
2021-08-16,415.47148191493113,417.8828171396479,413.91999116430753,417.7519836425781,73740000
2021-08-17,415.2003062311289,415.8732414325838,412.0319231944984,415.0133972167969,92673900
2021-08-18,414.004033503329,415.5648794226537,410.2281457688839,410.47113037109375,89351900
2021-08-19,407.7513683082851,412.30304425730367,407.6111793930043,411.106689453125,92812200
2021-08-20,411.4524681110035,414.70496457219946,410.966441910474,414.3778381347656,72008700
2021-08-23,416.0602493564847,418.92957275106846,414.4526832434195,418.0229797363281,54973000
2021-08-24,418.6865539550781,419.2193003480419,418.17251843232447,418.6865539550781,38744700
2021-08-25,418.87350683269574,420.0791600532625,418.49963168684314,419.5651245117187,40529700
2021-08-26,419.2846772641112,419.5183349461485,416.9948490937456,417.08831787109375,57829600
2021-08-27,417.89207569885787,421.1913209422029,417.8360001384459,420.8174743652344,77235100
2021-08-30,421.49038603704406,423.4531161096765,421.2473729404078,422.66802978515625,48357400
2021-08-31,422.57458594782264,422.9110393113264,421.44369077915854,422.0418395996094,59300200
2021-09-01,422.9764722664043,423.4905077483613,422.03248612109024,422.2661437988281,48721400
2021-09-02,423.6868752297582,424.3691375142071,422.36904227288545,423.56536865234375,42501000
2021-09-03,422.4344228744772,423.9765579301553,422.0325099688313,423.4624938964844,47170500
2021-09-07,423.1167444291313,423.2102132231523,421.2755204253354,421.9484558105469,51671500
2021-09-08,421.4155827938583,422.1445934826672,419.5182553937423,421.4342651367187,56181900
2021-09-09,421.2381203442714,422.98587540724486,419.3875410597101,419.6305541992187,57970400
2021-09-10,421.5559297187358,421.9764965107279,416.2004843859975,416.3219909667969,89948200
2021-09-13,419.31281705012566,419.5745125589616,415.0789117278803,417.387451171875,83738600
2021-09-14,418.8267230433787,419.03234294728094,414.2470381175579,415.1349487304687,78197100
2021-09-15,415.5555116773011,419.0977701394543,414.4526542585058,418.6024169921875,78792200
2021-09-16,418.0790622084627,419.05105771787464,414.99476341128366,417.9388732910156,77786700
2021-09-17,417.1681649070518,417.59007902636665,413.5114041887088,413.8677062988281,118425000
2021-09-20,407.75436793021106,409.3295710757895,402.1098470708218,406.9667663574219,166445500
2021-09-21,409.3014125020168,410.59533949300106,406.0572382327374,406.5823059082031,92526100
2021-09-22,408.85136298150707,412.5831207202877,406.69483696311266,410.5484619140625,102350100
2021-09-23,412.4143728690153,417.1400110058016,412.17996661282217,415.5366516113281,76396000
2021-09-24,413.9051650553822,416.9337039803391,413.6895010133059,416.2210998535156,62094800
2021-09-27,415.1897146952346,416.3523605127942,414.33647253059087,415.03033447265625,61371100
2021-09-28,412.26433994291904,412.59251441684535,405.93537117136833,406.6667175292969,130436300
2021-09-29,408.0449990691309,409.77961092728947,406.78858508585967,407.3511657714844,82329200
2021-09-30,408.82324196639286,409.5264607159928,402.0348461267485,402.3724060058594,140506000
2021-10-01,404.0975980601775,408.8325924574853,400.5815046124614,407.15423583984375,129240100
2021-10-04,405.9916262485337,406.89173823936943,399.7657824946463,401.9035949707031,128570000
2021-10-05,403.4037658375677,408.3262970264828,402.6068074886927,406.08538818359375,90682500
2021-10-06,402.4942986652522,407.9794109817039,400.8722256266175,407.7731323242187,113032200
2021-10-07,411.0454660354257,414.1302318975777,410.867314983928,411.2986145019531,72437500
2021-10-08,412.06743842451107,412.45186810178103,409.9202691984104,410.5484619140625,74557400
2021-10-11,409.8921065328173,412.798749458497,407.5105312643394,407.576171875,65233300
2021-10-12,408.4950853785661,408.89825725037673,405.7853354665387,406.5729370117187,71181200
2021-10-13,407.5949901170963,408.85140428938456,404.62273464026305,408.0356750488281,72974000
2021-10-14,411.69235787459854,415.0490712799511,411.2235453911505,414.8990478515625,70236800
2021-10-15,417.0087633916093,418.42458644967,416.38992739167634,418.0588989257813,66260200
2021-10-18,416.27735526871015,419.6340400404351,415.621006350095,419.2965087890625,62213200
2021-10-19,420.9186254165008,422.59695355572194,420.3091462784129,422.5313415527344,46996800
2021-10-20,422.99078957769177,424.49099536699856,422.8782791509517,424.1909484863281,49571600
2021-10-21,423.5907571609733,425.52226201258947,423.1594577531274,425.2972412109375,41305400
2021-10-22,424.86601382430814,426.30996431243693,422.91573783259383,424.8566284179687,58845100
2021-10-25,425.9442973142117,427.4632452839596,424.1722008875209,427.1350708007813,45214500
2021-10-26,428.6821446267776,429.8916602272119,427.144425952367,427.51947021484375,56075100
2021-10-27,427.97890546543795,428.6446111455954,425.5504317463337,425.6254577636719,72438000
2021-10-28,427.0505864256295,429.8072056463084,427.041229635109,429.7322082519531,51437900
2021-10-29,427.4350712129975,430.8949094853391,427.1444097745334,430.604248046875,70162400
2021-11-01,431.5888253261382,431.9638982601933,429.6198354925865,431.3450622558594,48433600
2021-11-02,431.5136948782303,433.3983299188752,431.3824136689737,433.0888977050781,48908400
2021-11-03,432.5264031559585,436.1362651463071,432.08571825925554,435.7330932617187,52509800
2021-11-04,436.3331630823048,437.8708818410705,435.9862464051318,437.7864990234375,52847100
2021-11-05,440.0086386395662,441.29318025230174,437.795857475972,439.305419921875,66390600
2021-11-08,440.4024399467041,440.8993800137787,438.99600255528054,439.6804504394531,50405200
2021-11-09,440.0462289116431,440.28063519202976,436.8207962043988,438.2272338867187,51149100
2021-11-10,436.5394582778482,438.2272005366199,433.2202862022842,434.70172119140625,69429700
2021-11-11,436.19246728766257,436.26749330276374,434.8235429594951,434.84228515625,34848500
2021-11-12,436.1081657875227,438.6772493099113,435.1611553150891,438.1240539550781,53466700
2021-11-15,439.40859470618256,439.56797493267015,437.1489150175016,438.2740478515625,46980500
2021-11-16,438.01152112700873,441.1431852512349,437.9365237158013,440.0086669921875,48857500
2021-11-17,439.7460714502701,439.9242224676994,438.320891924876,438.9397277832031,47858300
2021-11-18,439.9710558610268,440.6930452763544,437.2519496399447,440.4305114746094,50625600
2021-11-19,440.3180067810075,441.5650638970231,439.277256897484,439.6429443359375,57315600
2021-11-22,441.5182563851529,444.0029569483632,438.19905582510415,438.40533447265625,72762000
2021-11-23,438.0771054886185,439.8398448730952,435.47989482517465,438.9866027832031,73206500
2021-11-24,436.9893930709622,440.2804651329037,436.17366410854106,440.1585693359375,61858800
2021-11-26,433.501527426756,434.96422009835896,429.2165744244368,430.34173583984375,112669600
2021-11-29,435.1236958178473,437.458373207534,432.92965647319335,435.6206359863281,86268800
2021-11-30,433.18271599479897,435.0860934508205,426.9006175423312,427.1444091796875,148559600
2021-12-01,432.8452422514508,435.68624501124225,422.2031922004538,422.4000854492187,131939200
2021-12-02,422.6157168413784,430.435505728032,422.22190176024696,428.8696594238281,127637800
2021-12-03,430.5292522904625,431.58874442702455,420.9185967447433,425.1379089355469,137331600
2021-12-06,427.6789180869,432.0482542479885,425.2692148441158,430.1730041503906,98977500
2021-12-07,435.4424709240385,439.6336562155435,430.0417412560462,439.0710754394531,95484700
2021-12-08,439.4648728181905,440.68377393878586,437.71148993714627,440.2337036132813,72238800
2021-12-09,438.94912708653544,440.3368223530035,437.06452034105865,437.2614135742187,61272600
2021-12-10,439.9617692478392,441.52758690349503,437.41142821807136,441.3775634765625,77159800
2021-12-13,440.8619103961363,441.2088270752524,437.18640772794674,437.46771240234375,87724700
2021-12-14,434.2046763056092,436.6893763663621,431.541825239176,434.4578247070313,97264100
2021-12-15,434.5141971486355,441.4901009370347,432.00134036114184,441.246337890625,116899300
2021-12-16,443.0934545318682,443.3747305871484,435.8080899456226,437.3551940917969,116568600
2021-12-17,434.28117656754216,437.2827106378424,430.9973782677285,432.700439453125,135511600
2021-12-20,427.62893618734074,428.4945657060667,424.4862697414786,428.0993957519531,107134800
2021-12-21,431.5148943716561,435.8431279715981,429.3507919289712,435.7019958496094,69806300
2021-12-22,435.4479132744811,440.1713163305176,435.2502996094358,440.0584106445313,58890200
2021-12-23,441.0558332086626,444.2925972471357,440.9523458894644,442.7965393066406,56439700
2021-12-27,444.1702586145019,449.1100837845784,444.12322414632985,449.06304931640625,56808600
2021-12-28,449.4958623974338,450.52146074512336,447.9339332846144,448.6960754394531,47274600
2021-12-29,448.7996209971791,450.28626060152465,447.8022490075834,449.27008056640625,54503000
2021-12-30,449.6935233992935,450.7003138729297,447.56706545265257,448.0281066894531,55329000
2021-12-31,447.53874202831184,448.68663568101795,446.6260494189647,446.8988952636719,65237400
2022-01-03,448.15975083339737,449.61819265083415,445.8545162929149,449.4864501953125,72668200
2022-01-04,450.9071932731494,451.6223008842784,447.48223441413006,449.3358459472656,71178700
2022-01-05,448.9689091940095,449.7404696581306,440.61354395954817,440.7076416015625,104538900
2022-01-06,440.2465751581237,443.0034607516756,437.9318938989192,440.2936096191406,86858900
2022-01-07,440.30313360714865,441.4792825603523,437.1980831419466,438.5530090332031,85111600
2022-01-10,435.36325245373706,438.2236256684671,429.62364055153137,438.0072326660156,119362000
2022-01-11,437.7437907456816,442.0908322693714,434.75164626994354,441.9967346191406,74303100
2022-01-12,443.7280727675989,445.2429675793777,441.2346426828555,443.1917419433594,67605400
2022-01-13,444.2926187440994,444.94185525916146,436.0595761258511,437.0851745605469,91173100
2022-01-14,433.9425333832712,437.6121125646515,432.7287395605385,437.2639770507813,95890900
2022-01-18,432.5781593461344,432.7851627070061,428.4098944174529,429.5201721191406,109709100
2022-01-19,431.0632797435182,432.45582165960354,424.7873365975809,425.0602111816406,109357600
2022-01-20,426.9420242523039,431.6372011815895,418.2385229314581,420.3555908203125,122379700
2022-01-21,419.2358518525332,421.5881492656184,412.0754723100945,412.1036987304687,202271200
2022-01-24,406.5052754832323,414.3619556697632,395.90112761933347,413.8538513183594,251783900
2022-01-25,407.4743871661888,413.7409112645625,401.9135523304981,408.8010864257813,167997300
2022-01-26,414.6817621461915,417.8056196605589,403.52244950761184,407.7754211425781,186391100
2022-01-27,412.3671406225885,415.50038803398513,404.0776471228915,405.7618713378906,149878300
2022-01-28,407.1168346707988,415.886206828452,402.54398201671927,415.8391723632813,164457400
2022-01-31,415.17113717300543,423.677053931945,413.8256297428248,423.3289184570313,152251400
2022-02-01,424.053395889453,426.8291186076498,420.5343677869096,426.1893005371094,123155400
2022-02-02,428.58860927324656,431.0538124863708,426.2833462117449,430.3293151855469,117361000
2022-02-03,424.30741975423217,426.2080657307745,419.3769848400867,420.21441650390625,118024400
2022-02-04,419.97923360740066,426.0293363499769,417.6080991681987,422.1903991699219,118454400
2022-02-07,422.95257835164983,424.3451203230606,419.5088108002381,420.83551025390625,84472900
2022-02-08,420.3368340105605,425.2202068332441,418.9160368655322,424.298095703125,81012000
2022-02-09,428.325239275932,430.82808779311625,428.12765428405766,430.5081787109375,92589900
2022-02-10,424.67441942143387,430.66806944150386,420.7790293131962,422.7737731933594,140103700
2022-02-11,422.858431768966,424.9284364407401,413.0070082120165,414.4371948242187,153214600
2022-02-14,413.9291255162954,415.5098626456239,409.6197001412661,413.082275390625,123006300
2022-02-15,417.5140448697904,419.9133771021189,416.9965221332092,419.7440185546875,88482700
2022-02-16,417.7021502270157,421.5881501559702,415.8297306709073,420.21441650390625,84863600
2022-02-17,417.0341013310905,420.1861855804149,410.6358639083822,411.238037109375,102259100
2022-02-18,411.4921129303483,412.74355133918664,406.3076685231581,408.5752868652344,132642900
2022-02-22,406.37355193227506,409.7702560003978,400.6997823601273,404.1906127929687,124391800
2022-02-23,407.098048185768,407.66260537056274,396.4562558034865,397.0208129882813,132578000
2022-02-24,386.7365552102814,403.42847944353576,386.3790300752348,402.9956359863281,213942900
2022-02-25,404.22823397331,411.97200837339045,402.581625575988,411.8873291015625,121804500
2022-02-28,406.50529284633944,412.3107765451423,405.25388303089113,410.8335266113281,145615000
2022-03-01,409.3374644946176,411.3416268267393,401.8759540045587,404.576416015625,137785900
2022-03-02,406.82521187285215,413.7409734291532,406.07248803205465,412.01910400390625,117726500
2022-03-03,414.4466183746847,415.04879163986294,408.1706756272168,409.96783447265625,105501700
2022-03-04,406.2418557535522,407.7661402300269,402.60050312317946,406.6370544433594,113978200
2022-03-07,406.05356074725825,406.759249958647,394.5837564676544,394.6496276855469,137896600
2022-03-08,394.82845492231417,401.9700272063481,390.5943191141427,391.6575622558594,164772700
2022-03-09,400.02232727972273,404.13413881650297,397.8393882545467,402.158203125,116990800
2022-03-10,397.5570832228563,401.2360799371363,395.5999843486872,400.34222412109375,93972700
2022-03-11,402.82621713239433,403.4378087082755,394.743726780533,395.2518310546875,95636300
2022-03-14,396.0234396841189,399.4671781987032,391.2247467020312,392.3632507324219,95729200
2022-03-15,394.96955062340055,401.6218547157255,393.6993329697204,400.991455078125,106219100
2022-03-16,404.4917305799787,409.9396315604553,399.7024270341616,409.8831787109375,144954800
2022-03-17,407.9731146505722,415.0111999511719,407.5967527483876,415.0111999511719,102676900
2022-03-18,413.4028912886427,419.87763507524926,412.66669551110175,419.5567321777344,106345500
2022-03-21,419.3868421211315,421.3877829881189,415.9323761926658,419.4340515136719,88349800
2022-03-22,420.82140820007544,425.276343887646,420.82140820007544,424.3419494628906,74650400
2022-03-23,421.8125003060186,423.303758234989,418.7921938931012,418.8771362304687,79426100
2022-03-24,420.89699675804104,425.2009149244502,419.7832698649305,425.19146728515625,64736900
2022-03-25,425.8238364518409,427.5416361124458,423.2471369609336,427.2679138183594,77101300
2022-03-28,426.6732699189053,430.30706787109375,424.7855856636152,430.30706787109375,68529800
2022-03-29,434.1862632130821,436.1211569373378,431.5057549157547,435.6303405761719,86581500
2022-03-30,434.488377174578,435.30009656090095,430.83571194558033,432.94049072265625,79666900
2022-03-31,432.1759613525289,432.99709953880534,425.823892351499,426.2769470214844,121699900
2022-04-01,427.8530993439852,427.99466991123313,423.9172935556048,427.4850158691406,89048800
2022-04-04,427.683210068739,431.2509323439472,426.8620719837448,431.1470947265625,59601000
2022-04-05,429.6558116325977,432.119225743506,424.5590699380688,425.70111083984375,74214500
2022-04-06,421.7936733149173,423.7190907497015,418.5657201739074,421.4444274902344,106898000
2022-04-07,420.5666126114327,425.3802132507673,418.62230012164184,423.5680236816406,78097200
2022-04-08,422.8129558921499,425.32357938924946,420.89695753959705,422.4354248046875,79272700
2022-04-11,419.16969873165914,420.0097320215141,414.7147916975716,415.2150268554687,89770500
2022-04-12,418.19758861647455,420.71765996000386,412.12869019333453,413.6766052246094,84363600
2022-04-13,413.4312174671857,419.16976564370555,413.25188513631514,418.4147033691406,74070400
2022-04-14,418.6411928370952,419.7549485147844,413.1008437773758,413.2046813964844,97869500
2022-04-18,412.2796514632989,415.0545494478205,411.14702946006696,413.37451171875,66002500
2022-04-19,413.2707073837323,420.76481631207815,413.10082271070314,420.0475158691406,77821000
2022-04-20,421.82193478222695,422.4354264021452,418.57511557097627,419.7360229492187,65224400
2022-04-21,423.3509795921558,424.73842874926703,412.55342274585064,413.4595031738281,85417300
2022-04-22,412.3740611145033,413.47834025677906,401.5481909244776,402.114501953125,132471800
2022-04-25,399.8776083235588,404.6156854519276,395.31883470061024,404.44580078125,119647700
2022-04-26,401.9162927984164,402.1145203899857,392.70441293823944,392.7327270507813,103996300
2022-04-27,393.8086609873536,399.169705902769,391.7039115793856,393.83697509765625,122030000
2022-04-28,398.5751272035263,405.51237307337215,394.1485050200903,403.7851257324219,105449100
2022-04-29,399.8021348013602,401.95409397695,388.11736315002133,388.8630065917969,145491100
2022-05-02,388.92901145512707,392.5628092111438,382.2749075321882,391.20367431640625,158312500
2022-05-03,391.7039805238848,395.4038260055901,390.1466177718035,392.9970397949219,100028200
2022-05-04,393.6576359549688,405.5311852675608,390.47689280324255,404.9648742675781,144247900
2022-05-05,400.7081437907731,401.132884248546,386.4467037789483,390.5712890625,172929100
2022-05-06,388.0134773567565,391.5056757030624,382.9450500936246,388.239990234375,151770800
2022-05-09,382.35045035687074,383.5868812355381,374.23340232624,375.80963134765625,155586100
2022-05-10,381.7747206128694,383.2754262479383,372.6477827083813,376.677978515625,132497200
2022-05-11,375.71524733858433,381.3499860628742,369.94835688896774,370.6940002441406,142361000
2022-05-12,367.5038552140162,373.57275401716174,363.5208397349999,370.30706787109375,125090800
2022-05-13,374.4316800974375,380.5383410827449,373.3934477808123,379.1603393554687,104174400
2022-05-16,377.5180173546355,381.2839385536254,375.2716682872456,377.621826171875,78622400
2022-05-17,383.7002236264894,385.62567005660986,379.9720348785095,385.38970947265625,83029700
2022-05-18,380.8402784851767,381.123419587076,368.61751205317614,369.85394287109375,117674500
2022-05-19,366.79595164216687,372.005979027499,365.3707407010665,367.5887756347656,98510700
2022-05-20,371.1658795771667,374.7336013107162,359.1696553995638,367.7491760253906,131432200
2022-05-23,370.7695426186861,375.39439273940906,368.45714636210454,374.6298828125,76414900
2022-05-24,370.5146628553773,372.9592105064328,365.2291411864955,371.7699890136719,91448800
2022-05-25,370.278726265349,377.01777330975807,369.8823286767236,375.0545654296875,91472900
2022-05-26,376.2815783765453,384.181532894369,376.073931942696,382.5486755371094,82168300
2022-05-27,385.0026351628093,392.0531368146943,384.8044363865084,391.93988037109375,84768700
2022-05-31,390.3259001664865,393.07248421298215,387.00358624823434,389.74072265625,95937000
2022-06-01,391.8549734040455,392.8648626531449,384.07769419751776,386.58831787109375,86585800
2022-06-02,386.4278638148007,393.9974674509903,384.1815149003103,393.9502868652344,79609600
2022-06-03,389.2405486758481,390.7884638335638,386.5128594774759,387.4850158691406,71874300
2022-06-06,391.4868739358077,393.2140925206699,387.4944109852668,388.664794921875,57508900
2022-06-07,385.1819749982957,392.8459684053957,384.7194727728496,392.3929138183594,59272400
2022-06-08,390.6845434619145,392.4684188107093,387.333915614858,388.1267395019531,64350000
2022-06-09,386.3523433395128,388.6175587452947,378.89599609375,378.89599609375,86289800
2022-06-10,372.70437142833873,373.55382355387263,367.862456867888,367.9096374511719,132893900
2022-06-13,358.51837412826717,360.3682963040968,352.3361920103927,353.94073486328125,170004900
2022-06-14,355.6868660931428,356.715650424304,349.77840591220803,352.87420654296875,104011800
2022-06-15,356.1681821845965,362.34091656380326,351.2224596149296,357.9048767089844,125666800
2022-06-16,349.70293778443306,350.1087829653544,343.63401132773026,346.0596923828125,134473300
2022-06-17,346.47397650063243,350.142419392661,343.30792965713135,346.80572509765625,111113900
2022-06-21,352.52169557516805,356.9200257502837,352.44584583713896,355.53607177734375,76811900
2022-06-22,351.3178056312109,358.99595685720385,350.90071887328156,354.8914794921875,90059400
2022-06-23,357.02430174493765,359.1002181811548,353.4696047412398,358.3703308105469,79292100
2022-06-24,361.5363809433128,369.77380119326506,361.507944524138,369.7643127441406,98050300
2022-06-27,370.683832618729,370.9776852889989,367.2618578134948,368.3519592285156,66009600
2022-06-28,369.9065216331798,372.68391795995,360.7116937770823,360.825439453125,86548900
2022-06-29,361.3753088463661,362.3611241546952,358.71165775298255,360.5316467285156,65676000
2022-06-30,356.64516179349505,360.834977987892,353.156825579061,357.6025695800781,112508300
2022-07-01,356.9484195577325,361.820737693378,354.33215354384066,361.3846740722656,74839700
2022-07-05,356.3038638558327,362.0861766045631,353.47905430233544,362.0671997070313,81438000
2022-07-06,362.2093972721212,365.7735827766986,359.83013971421116,363.2900390625,70426200
2022-07-07,365.0626968664323,369.5273889224381,363.3090402764563,368.7311401367187,64525900
2022-07-08,367.1006852895569,370.29519752923926,365.5745491503481,368.42779541015625,72397800
2022-07-11,365.7546492181339,366.7215164411496,363.5270331899998,364.2190246582031,58366900
2022-07-12,363.66926385832295,366.0485507559225,359.25195608212715,360.9961242675781,62219200
2022-07-13,355.56449960571507,362.0293155270295,355.1474128412304,359.1002197265625,84224600
2022-07-14,354.1521398256336,359.30882348190096,351.71600904471353,358.22821044921875,89704800
2022-07-15,362.62649570213034,365.1858892356065,360.7211976903377,365.0721435546875,79060400
2022-07-18,368.1529146526756,368.82592927824663,360.83497625525047,362.0578002929687,63203600
2022-07-19,365.97267860433266,372.40905889172745,365.31864088700104,371.8403015136719,78506000
2022-07-20,372.02994091898177,375.62256366890966,370.6649346216004,374.2101440429687,71843800
2022-07-21,373.6318507302927,378.068105826219,371.2336162126565,378.0207214355469,64903900
2022-07-22,378.1439748043947,379.33833343517273,372.29530007355766,374.513427734375,72197300
2022-07-25,375.13906335562353,375.8215664094441,372.73134023128426,374.9684448242187,53631500
2022-07-26,373.3285099278068,373.53705331768873,369.6411191276845,370.53216552734375,52946400
2022-07-27,373.8214115297532,381.8977018374365,373.5275588843816,380.1535339355469,82342100
2022-07-28,380.9592743736936,385.61353235014826,377.4140367716771,384.9215698242187,73966600
2022-07-29,386.3528761831323,391.5190471453721,385.5850639824012,390.533203125,87003700
2022-08-01,387.84111510481983,391.8792599477975,387.13017574109546,389.3767395019531,69997500
2022-08-02,387.8127450392465,391.4906766053588,385.632542188754,386.8079528808594,63435400
2022-08-03,388.931285023342,394.0310955881913,388.6469207989162,392.86517333984375,67820600
2022-08-04,392.78932847212786,393.4718315474268,390.95985110646615,392.5997619628906,45656600
2022-08-05,388.3245873478551,392.5807353471059,388.26771450946586,391.9361572265625,56814900
2022-08-08,393.62353883393126,395.870103228986,390.3816416917654,391.4812316894531,53886100
2022-08-09,390.7512597952123,391.2536558218168,388.85542136603334,389.9265747070313,44931800
2022-08-10,396.96963344138766,398.258818700046,395.01692204612334,398.1166076660156,68665700
2022-08-11,400.96036549541424,402.8183081055924,397.3772317875,398.1166076660156,59489700
2022-08-12,400.0503656332881,404.9605804756404,399.10244636975136,404.8563232421875,61694500
2022-08-15,402.64764150057266,407.0460006197272,402.5907686609456,406.5246276855469,54048300
2022-08-16,405.4535511057947,409.24522847882577,404.64781387838514,407.3209533691406,59289000
2022-08-17,403.7282975362389,407.1313242254354,402.42965277199465,404.42974853515625,63563400
2022-08-18,404.6287790194437,406.2876376325339,403.3396227828059,405.6051635742187,49023200
2022-08-19,402.8467811218481,403.1121973862413,399.282595061536,400.1546936035156,68016900
2022-08-22,395.329701995395,395.5003494416631,390.92188337608326,391.8224182128906,77695600
2022-08-23,391.3958862975145,393.7846615275958,390.3247328241149,390.8745422363281,49105200
2022-08-24,390.6470431228779,393.4908012724624,389.96456893805333,392.1258239746094,49177800
2022-08-25,393.614017515164,397.7090360070508,392.52391605971974,397.6616516113281,50942300
2022-08-26,397.547891912805,398.0881839321778,384.1442990308555,384.201171875,103087000
2022-08-29,381.2531987151374,384.70361032886984,380.3052793040388,381.6607971191406,65370800
2022-08-30,382.8172261577202,383.0542059895712,375.3760536519589,377.470947265625,85652400
2022-08-31,379.10134082789193,380.3431127380741,374.4660307121569,374.5987243652344,76029700
2022-09-01,372.42807654595646,376.1154680642841,369.7265004007181,375.7742309570313,78740100
2022-09-02,379.4331073038288,380.6464427581479,370.00129941700374,371.8118286132813,99632100
2022-09-06,372.6555302445026,373.5939611226999,368.1908383071308,370.4089660644531,76637400
2022-09-07,370.0961415467539,377.83116684452074,369.87813861226584,377.0633544921875,70964200
2022-09-08,374.7978759378246,379.9829674298195,373.5939997520912,379.5279846191406,80821700
2022-09-09,381.7649972904449,386.28659071940456,381.4995810521483,385.4239807128906,76706900
2022-09-12,387.4903999035653,390.28677304617617,387.1870588242466,389.56634521484375,69256300
2022-09-13,380.90236081015905,382.10623671263886,371.5085069603833,372.6270446777344,122947100
2022-09-14,373.925777076594,375.5656880974877,370.7502412143179,374.0490112304687,85023700
2022-09-15,372.4943332407687,375.3380909362644,368.5320377944791,369.80224609375,87633800
2022-09-16,365.6294902775206,367.6378019325583,363.69728184111455,366.9810485839844,103084800
2022-09-19,363.8401419434337,369.8270263671875,363.763980617156,369.8270263671875,73278500
2022-09-20,366.5051690967704,367.51408871168167,362.83118428153335,365.5819091796875,77274900
2022-09-21,367.504586823731,370.5504007332188,359.19527603958755,359.2048034667969,106746600
2022-09-22,358.4337649769324,360.0708846733697,355.44508694272207,356.1875,89472600
2022-09-23,352.7229097506912,352.7609904104437,345.78421269474035,350.21966552734375,122346900
2022-09-26,348.75391014864755,352.3707890222306,345.5367765894628,346.7550964355469,92581200
2022-09-27,350.2863328489352,352.5516532322038,343.4808733177717,345.86993408203125,108294100
2022-09-28,346.821678453464,354.3600222961964,345.1274522170946,352.6753234863281,110802200
2022-09-29,349.13465941178436,349.42019180354833,342.367280303629,345.3083801269531,112952300
2022-09-30,344.36596930372804,348.2779362644351,339.83535868204586,339.9685974121094,153711200
2022-10-03,343.6807182327434,350.7907644280534,341.90083208876825,348.9442443847656,89756500
2022-10-04,354.45522944852485,359.78538917158465,348.9061712798272,359.7568359375,103602800
2022-10-05,355.3974984990643,361.1749817964111,353.0750722691506,358.919189453125,88065700
2022-10-06,357.52004633285617,360.4706728707626,354.7217133827097,355.2166748046875,82333500
2022-10-07,351.19057977360137,355.3024204972354,343.5475195856385,345.3083801269531,107789500
2022-10-10,346.42189898919605,346.659852271921,340.43501530969775,342.6717529296875,76042800
2022-10-11,340.9775545535183,345.5367479558779,338.56946829764377,340.50164794921875,92482800
2022-10-12,340.9109745209168,342.4814606200205,339.1310592917608,339.3785400390625,76991800
2022-10-13,332.38265512986965,349.8008528442018,331.3356548770357,348.3350524902344,147254500
2022-10-14,350.7907569397952,352.41837848921915,339.7592450066515,340.39697265625,123737000
2022-10-17,346.46954168027236,350.24824134925336,340.06382821256403,349.1441345214844,93168200
2022-10-18,357.05371300233446,357.3583002169347,349.8103989866183,353.2464599609375,97162900
2022-10-19,351.2095432352664,353.93174409065676,347.93530350478727,350.7431640625,79746900
2022-10-20,350.29577817467606,354.71220495349155,347.0405645534775,347.8020324707031,88283100
2022-10-21,347.5260110650035,356.7395553428867,346.0221590756883,356.254150390625,131038400
2022-10-24,357.77704931693273,361.7460937798273,355.1309809456278,360.6134338378906,85436900
2022-10-25,360.5373287022716,366.6860338162217,360.4231157662592,366.3719482421875,78846300
2022-10-26,363.230974837986,368.90377378445976,362.9739957124518,363.6116943359375,104087300
2022-10-27,364.61105138754175,366.44804370025827,361.0512506396155,361.6699523925781,81971800
2022-10-28,361.5652980348159,370.75029017440346,361.3844511918501,370.2743835449219,100302000
2022-10-31,367.81871998807645,369.68426585196175,366.6955873080766,367.5997924804687,96631300
2022-11-01,371.3404256632253,371.5783789695517,364.8204992604764,365.9912109375,85407600
2022-11-02,365.40111675587,369.9032040810859,356.7015583770088,356.8062438964844,126990400
2022-11-03,353.5700280593983,356.16848838692556,351.0191758170607,353.1322021484375,87100100
2022-11-04,358.8335775577456,360.61346359996287,352.170885136249,358.21490478515625,103505200
2022-11-07,359.50933724612685,362.231537963315,357.4343915475703,361.6414184570313,68286900
2022-11-08,362.7455541021946,366.56233474373306,359.5189221082523,363.5926818847656,84641100
2022-11-09,361.6223724698831,362.77408732506177,355.6069062348671,356.10186767578125,78495500
2022-11-10,369.3510591794325,376.0042524525566,367.0572151863192,375.6711120605469,141455800
2022-11-11,376.5277606911573,380.10658743180727,374.64316019638335,379.30706787109375,93839900
2022-11-14,377.5462448649226,380.8966170269963,375.80441036199727,376.0804443359375,71903500
2022-11-15,381.8197900048712,382.9238966019307,375.48071175885616,379.2879638671875,93194500
2022-11-16,377.6603993704187,378.6122124671784,375.7663006029168,376.3945007324219,68508500
2022-11-17,371.6450058437323,375.9186672305997,371.3404476693323,375.2428588867187,74496300
2022-11-18,378.57412543802,378.640759324959,374.10062138676545,376.946533203125,92922500
2022-11-21,375.62347477471184,376.7466070791755,373.73887468559207,375.5758666992187,51243200
2022-11-22,377.5176171632576,380.7918564006526,376.10892338301994,380.6300354003906,60429000
2022-11-23,380.2969884985024,383.5141220670557,380.0685626038953,383.0287170410156,68261600
2022-11-25,382.4670865625852,383.4950610881152,382.1910816475926,382.9429931640625,30545400
2022-11-28,379.8590951809206,381.4962149118125,376.0708685003482,376.8323364257813,67881600
2022-11-29,376.96558433179973,378.1553507626501,374.34809818392904,376.18511962890625,52310000
2022-11-30,376.4326114888511,388.03521728515625,374.519486615748,388.03521728515625,144566700
2022-12-01,389.07263892248426,390.2433795179694,385.24636063389784,387.7496337890625,76398200
2022-12-02,382.8668240269508,388.20648163885994,382.7621385272809,387.3022766113281,85342700
2022-12-05,384.4849116571129,385.41766990087285,378.9834331254147,380.3349914550781,77289800
2022-12-06,380.17319983401165,380.7157112233438,372.76809510416285,374.8525390625,77972200
2022-12-07,374.0054437050733,376.5753507067164,373.0821838315825,374.21484375,65927900
2022-12-08,376.09948257287107,378.2124799961138,374.3195674856605,377.1464538574219,60737900
2022-12-09,375.90911499149865,378.459967446831,374.20536119651905,374.3291015625,81447700
2022-12-12,375.11908962319546,379.7258911132813,374.45283780553007,379.7258911132813,75405800
2022-12-13,390.4528004635384,390.70977956297014,379.8400894083029,382.600341796875,123782500
2022-12-14,382.257673780074,385.9602409589763,377.21307559103866,380.1541748046875,108111300
2022-12-15,375.2999318308924,376.2041659865488,369.1988348015829,370.85498046875,117705900
2022-12-16,368.3029384387337,369.641590174743,364.3443519350762,366.47662353515625,119858000
2022-12-19,366.6678648941245,367.0025351167428,361.70526779936387,363.3690185546875,79878100
2022-12-20,362.61367325179793,365.48222528681765,361.2941346468216,363.86627197265625,74427200
2022-12-21,366.457476778773,370.43520527298585,365.9220161334383,369.3069152832031,78167400
2022-12-22,366.2662563964438,369.2878012297657,358.3490543275083,364.0383605957031,100120900
2022-12-23,363.01518610522345,366.2757764750935,361.466172965727,366.1323547363281,59857300
2022-12-27,366.01770849733794,366.36192075609665,363.0152765095284,364.6885986328125,51638200
2022-12-28,364.6216127041186,366.59137848650926,359.9267751898031,360.15625,70911500
2022-12-29,362.9960715854847,367.509260424504,362.47015297141144,366.6391296386719,66970900
2022-12-30,363.9617919629837,365.8167615683377,361.848604892548,365.67333984375,84022200
2023-01-03,367.5284134560836,369.49815002254616,361.274962367188,364.1339721679687,74850700
2023-01-04,366.3905264117615,368.9722345195995,363.34986872415914,366.9451293945313,85934100
2023-01-05,364.9945163658359,365.1092537639918,362.16422021646383,362.7570495605469,76970500
2023-01-06,365.8455090657922,372.1945841873677,362.7857380848977,371.0758361816406,104189600
2023-01-09,373.2655401902277,376.4496492237872,370.6838609207569,370.8655090332031,73978100
2023-01-10,370.2821986713312,373.5332179494702,369.3451279864,373.4662780761719,65358100
2023-01-11,375.04405606095594,378.26639143115705,374.231293835196,378.18988037109375,68881100
2023-01-12,379.289500125456,381.02973273660194,375.22571833967487,379.5667724609375,90157700
2023-01-13,376.37306397661587,381.6129617235171,376.10533367891514,381.0392456054687,63903900
2023-01-17,381.0201896884126,382.6935115955875,379.6623956443495,380.3412780761719,62677300
2023-01-18,381.5270095943542,382.58835989011226,374.1356963351264,374.33648681640625,99632300
2023-01-19,372.2997219516563,373.9443593060729,370.2917592534764,371.6112976074219,86958900
2023-01-20,373.0072861994072,378.687020001049,371.3626489844467,378.5340270996094,91806400
2023-01-23,379.337245503758,385.0074085420892,378.38106168560785,383.075927734375,84178800
2023-01-24,381.40265563212273,383.57318267652687,380.21699688122226,382.6648254394531,59524900
2023-01-25,378.6010242444025,383.1428977378186,376.31573073269413,382.8082275390625,84800300
2023-01-26,385.4663374256009,387.1779144092396,382.502162136623,387.0153503417969,72287400
2023-01-27,385.97315181927854,390.2759788703347,385.7627902184548,387.9046325683594,68346200
2023-01-30,385.1508780562935,387.3788029699873,382.7413050405992,383.0377197265625,74202000
2023-01-31,383.554027333468,388.7174142189188,383.20978597821664,388.6696166992187,86811800
2023-02-01,387.45528923844535,395.5446264450836,384.7206171548962,392.80035400390625,101459200
2023-02-02,396.6824854385565,399.981331954011,394.7892597691829,398.5183715820313,101654500
2023-02-03,393.55570061661354,398.69997431086017,393.07760869975664,394.2824096679687,94736800
2023-02-06,391.8346069060138,393.26888274999055,390.21865378736663,391.8728332519531,60295300
2023-02-07,390.9549267928235,398.24104381969875,389.7118993305467,396.9980163574219,90990700
2023-02-08,395.0282680161365,396.3669196696717,391.9684677962696,392.6569213867187,76227500
2023-02-09,396.2522033663381,396.4051963035193,388.0290153704697,389.2529296875,78694900
2023-02-10,388.0768126828916,390.5437836705012,387.2640796514173,390.1613159179687,70769700
2023-02-13,390.8114317189332,394.8752127422372,390.35245300429375,394.7413330078125,64913500
2023-02-14,393.22101173495633,396.8640696336887,390.61064866854656,394.5596923828125,88389300
2023-02-15,392.3700815999979,395.91751581058026,391.5286350725414,395.8410339355469,61555700
2023-02-16,390.87841017898984,394.8178830322616,390.2568965030851,390.3907470703125,76431500
2023-02-17,388.26803395095567,389.6545122847336,386.34609496505783,389.41546630859375,89257800
2023-02-21,385.39947527197734,386.4512833840668,381.3452649276504,381.6034240722656,82655900
2023-02-22,382.014586726047,383.55405800104023,379.624126941612,381.0775451660156,83742300
2023-02-23,383.965204449082,384.577176151522,378.88787027584414,383.1046447753906,96242400
2023-02-24,378.0942177024235,379.8440212478962,376.3922116756281,379.01214599609375,108194400
2023-02-27,382.3492579579314,383.7070519585176,379.365968807818,380.3030395507813,80444700
2023-02-28,379.82499112745273,381.785156708453,378.7922960384065,378.8974914550781,96438600
2023-03-01,378.0846256879309,379.3085397388385,376.1435738139038,377.4439697265625,99706800
2023-03-02,375.4743186281051,381.2209936912257,375.1396483986959,380.3795471191406,85127800
2023-03-03,382.1962961869598,386.7286281625777,381.5460980741436,386.4800109863281,90120000
2023-03-06,387.3022850157021,389.59714976739536,386.3078747490803,386.7477111816406,72795900
2023-03-07,386.699921017692,386.93896700217493,380.20742390861926,380.8193664550781,108310600
2023-03-08,380.9341111603913,382.19625170885286,379.212962662717,381.4408874511719,74746600
2023-03-09,382.22492782127654,383.8887075845493,373.4184826190144,374.4033508300781,111945300
2023-03-10,373.85828575920306,375.9332173953836,367.4805563054659,369.0008850097656,189253000
2023-03-13,365.0805650006383,373.2846390345943,363.9713881978472,368.4750061035156,157790000
2023-03-14,373.3898621469937,376.2106166958166,370.09101558517847,374.56597900390625,149752400
2023-03-15,368.9818486133687,372.42408758364206,366.8973453679593,372.2232971191406,172996900
2023-03-16,369.8710404113854,379.0982086417623,369.3642641428275,378.75396728515625,143254200
2023-03-17,377.4256197444262,378.55821591341066,372.94318572096427,374.3253479003906,140553400
2023-03-20,375.1028011958168,378.3374636707091,374.40214170963634,377.9247131347656,93055800
2023-03-21,381.28415054635593,383.3670015855469,379.69082383763816,382.8870849609375,91524200
2023-03-22,382.7142886176194,386.3232414014182,376.3217962204962,376.3601684570313,111746600
2023-03-23,379.2205184817109,383.25182988301947,374.6709182110407,377.3776550292969,119351300
2023-03-24,376.1010826470393,379.9404159071664,373.7590870150187,379.8540344238281,107682400
2023-03-27,382.1287415933862,382.8966256334002,379.67157124890343,380.564208984375,74010400
2023-03-28,379.8731772141997,380.5642582938647,377.8767370350477,379.71002197265625,62871700
2023-03-29,383.8660584843338,385.46899270747423,382.6662670661032,385.2290344238281,77497900
2023-03-30,387.8589388033637,388.1085047730431,385.6225406555873,387.484619140625,69840000
2023-03-31,388.4061147934353,393.24368242982905,388.30051790737826,392.9461364746094,112062600
2023-04-03,392.4278257842298,394.84659500245755,392.03429064106433,394.4434814453125,67391100
2023-04-04,395.0865256835199,395.3744932102715,390.8824517022873,392.2550354003906,66601500
2023-04-05,391.52554275858984,392.2838191469049,389.577082640603,391.2279968261719,65200200
2023-04-06,390.4313411526847,393.0325102209904,389.3851264771968,392.754150390625,63743300
2023-04-10,390.2777272293107,393.23402961478297,389.66344926995697,393.1572265625,63681000
2023-04-11,393.78116601430696,394.6641961280183,392.4949930804865,393.2628479003906,59297900
2023-04-12,395.3264818376402,395.61444936283374,391.0744279375137,391.659912109375,86420400
2023-04-13,392.7444905245143,397.21731616818573,391.60228682213693,396.8621826171875,85814800
2023-04-14,396.22873922494233,398.4171577397506,393.58919793642514,395.8927917480469,78161500
2023-04-17,395.8064093482449,397.3325406110166,394.577824032139,397.3133544921875,66436400
2023-04-18,398.8874765900454,399.0218673008723,396.1999552913603,397.572509765625,63560000
2023-04-19,395.6624479202901,398.4075568472331,395.60486027089866,397.5053405761719,55227300
2023-04-20,394.69301944461137,397.0830241368381,393.79077385332334,395.3361206054687,75840400
2023-04-21,395.6336418065236,396.10395069254025,393.6947893230702,395.6432495117187,73457400
2023-04-24,395.4416314735753,396.4782676301581,394.10747868962846,396.0559387207031,64332100
2023-04-25,394.0882614021865,394.6449810037149,389.7114248085009,389.7690124511719,97766700
2023-04-26,390.3833244029181,391.4583328014488,387.5614127108838,388.11810302734375,80447000
2023-04-27,390.652086810784,396.11353970438057,390.4025208217605,395.84478759765625,92968400
2023-04-28,394.9617574024191,399.23302689490464,394.9041697532796,399.2234191894531,89433100
2023-05-01,398.7819414839583,400.8455772162606,398.589963107647,398.8203430175781,62122300
2023-05-02,398.1099666648256,398.1579758951747,391.4391441559721,394.33782958984375,103998500
2023-05-03,394.837004192524,397.2461950998661,391.3912062306647,391.6311645507813,91531800
2023-05-04,390.5848655498766,390.9112052798367,387.5229957022216,388.857177734375,94901900
2023-05-05,392.4853583991723,397.10215328992234,392.2262140059175,396.0559387207031,87891800
2023-05-08,396.3823017131118,396.641446121568,394.7601813275021,396.1615295410156,50046800
2023-05-09,394.616172665633,395.53760420625383,394.19384377372745,394.4241943359375,49220100
2023-05-10,397.2557473304781,397.8892407221348,392.44697389350114,396.2671203613281,96142900
2023-05-11,395.40334787228096,395.86404911911495,393.5028673537258,395.57611083984375,70157100
2023-05-12,396.8143117058912,397.02547621204064,392.6390308249023,395.0578002929687,70481500
2023-05-15,395.6624693691357,396.8238594172024,393.75241054660967,396.4207458496094,54289400
2023-05-16,395.31689334176326,396.2383543170176,393.761968222226,393.7715759277344,57705500
2023-05-17,395.7872199283248,399.1562144912637,394.14591338269895,398.5515441894531,87287000
2023-05-18,398.23480532655367,402.8132286270494,398.0140624281471,402.3908996582031,97177200
2023-05-19,403.29311788250186,403.82101441184767,400.58638129995114,401.8053588867187,103793300
2023-05-22,401.8246282749285,403.5043365562108,400.5864351115969,401.9685974121094,60745400
2023-05-23,400.32725913165393,401.9013998007867,397.0638317760762,397.4573669433594,86383500
2023-05-24,395.85441436146,396.2383417764392,393.4164298740769,394.5778198242187,89213700
2023-05-25,398.0811934806872,399.4441694496832,395.8447951170827,397.9948120117187,90961600
2023-05-26,398.6475192492727,403.86901432087706,398.5707454798897,403.1491394042969,93830000
2023-05-30,405.07840112218025,405.6062976614237,401.9205417166639,403.3027038574219,72216000
2023-05-31,401.47906649861943,402.3813121326053,399.5018122688516,401.06634521484375,110811800
2023-06-01,401.2966730663804,405.9326839874396,400.0489015795839,404.8768615722656,88865000
2023-06-02,407.44919955900986,411.5188830151562,406.921303007744,410.7318420410156,91426200
2023-06-05,411.0773899248413,412.3635629860605,409.2441048720611,409.9447937011719,65460200
2023-06-06,409.5320736758542,411.3653294424387,408.8793647913304,410.8374328613281,64022200
2023-06-07,411.2309384070294,412.3635345526036,408.9945106484148,409.4168395996094,85373300
2023-06-08,409.4839979895144,412.3443112113528,408.71614321581194,411.8931884765625,61952800
2023-06-09,412.6899118726264,414.63837227354514,411.6436971048215,412.63232421875,85742800
2023-06-12,413.61134578902306,416.4524439304632,412.89147087099775,416.3756408691406,76104300
2023-06-13,417.8345546921649,419.7637993166203,417.1722675057486,419.1207275390625,95899700
2023-06-14,419.4566567941883,421.4243028592492,416.1740148259687,419.6198120117187,100612100
2023-06-15,418.8040313332803,426.06997610483035,418.7080714411939,424.82220458984375,110303100
2023-06-16,426.8048493495723,427.3732510116979,422.9030966686289,423.3751525878906,114165800
2023-06-20,421.4386947666536,422.3250049416328,419.107257409602,421.1785583496094,76160400
2023-06-21,420.1959468611093,420.9955547817965,418.4329109170005,419.0205993652344,76982300
2023-06-22,418.0668743070444,420.6391323512952,417.72967888460175,420.5331726074219,70637200
2023-06-23,417.0841314152319,419.13617505158805,416.6409763099136,417.3538818359375,92074500
2023-06-26,416.7855154988048,418.7026693868189,415.4078624978759,415.6487121582031,72823600
2023-06-27,416.5253768197751,420.82212620155866,416.0725783167209,420.20556640625,72813700
2023-06-28,419.1265310456325,421.4290677123489,418.509971256602,420.4175109863281,75636000
2023-06-29,420.0032229268465,422.2383146152685,419.59861200085055,422.0745239257813,67882300
2023-06-30,425.2826480900404,428.0379537648419,424.9647101118157,427.0552978515625,104964000
2023-07-03,426.70850932168867,427.82602579498047,426.4291155030701,427.5466613769531,32793400
2023-07-05,425.7354801650757,427.6430199831629,425.7258367708566,426.9108276367187,58418400
2023-07-06,423.3366648166022,423.9917688689175,421.063028622468,423.56787109375,80658300
2023-07-07,422.5755319557256,426.438769743823,422.2575939538954,422.4984436035156,86134200
2023-07-10,422.1420304499508,423.74127580161087,421.5736287515659,423.56787109375,62443500
2023-07-11,424.32890870557475,426.7566624993896,423.3558667490492,426.2653198242187,64463800
2023-07-12,430.0515505672172,431.10165159958825,428.6257099376319,429.695068359375,91924500
2023-07-13,431.50622355890425,433.89546265173254,431.07271183277675,433.10546875,72425200
2023-07-14,433.991813962652,434.83958003816,432.07463074719146,432.8357238769531,69815800
2023-07-17,432.6912196663996,435.3887239970372,432.6430320958501,434.338623046875,52680200
2023-07-18,434.0110663595222,438.2114701147798,433.5775252322227,437.5660095214844,80668200
2023-07-19,438.3560144106051,439.724023983291,437.4889321342747,438.5390625,65891700
2023-07-20,437.54673021651973,438.4426838074279,434.9166416038705,435.6295471191406,70591600
2023-07-21,437.3443953535996,437.54673021651973,435.6199331260899,435.6295471191406,71275600
2023-07-24,436.77598531715506,438.38487379289774,435.7451418375123,437.57562255859375,54023400
2023-07-25,437.3059083742901,440.0226701000181,437.2577208036124,438.770263671875,55191200
2023-07-26,437.83576473919794,440.263518637083,436.7856637889011,438.8377075195313,71052900
2023-07-27,442.2192143317386,442.6238546795818,435.02262562113657,435.92822265625,92194400
2023-07-28,439.1941631701477,441.0246146496096,435.92822776892785,440.1961059570313,80011800
2023-07-31,440.6681140687776,441.3906629481321,439.3578768125751,441.0342102050781,62040400
2023-08-01,439.5698514127993,440.51399258801536,438.8184017102693,439.7721862792969,55291500
2023-08-02,436.6604008783812,436.9205079074881,432.9031523438812,433.6546020507813,93933400
2023-08-03,431.64115804128886,434.29050444334024,430.9956679816183,432.411865234375,64276100
2023-08-04,434.2230384704291,436.3232404604835,429.9359027397443,430.4561462402344,100128900
2023-08-07,432.28658168791264,434.36752621178806,431.59293351328745,434.21337890625,58357500
2023-08-08,431.67964426037906,434.2037733620173,428.9724964679823,432.32513427734375,71361300
2023-08-09,432.5948828332173,432.7586735355105,428.6738433785323,429.4349365234375,78789600
2023-08-10,431.7855978075418,435.1671361209915,428.4233462814403,429.5890502929687,93005500
2023-08-11,427.7200290859293,430.35011754971424,427.1227267257981,429.3385314941406,68690900
2023-08-14,428.4233935882657,431.70855712890625,428.1150989625595,431.70855712890625,47867400
2023-08-15,429.93582758422366,430.2923097170733,426.11113445595447,426.6795654296875,75707500
2023-08-16,426.26534575201464,427.9223925566891,423.4425948477228,423.548583984375,80107200
2023-08-17,425.0129750031002,425.2730820684876,419.8009844959738,420.32122802734375,95711300
2023-08-18,417.5080561439708,421.5543421169173,417.1612467523088,420.52349853515625,98852000
2023-08-21,421.5350602162778,424.00135836533855,419.3867000805202,423.2595520019531,68719000
2023-08-22,425.0322562351624,425.0322562351624,421.5544008373133,422.1131591796875,64994200
2023-08-23,423.1728380844883,427.43107286328376,423.0283341735705,426.8144836425781,68441000
2023-08-24,428.41372832126285,428.9243284062607,420.8703007742917,420.8992309570313,88517300
2023-08-25,422.6236627344665,425.1477621948003,419.078363177976,423.866455078125,102325100
2023-08-28,426.05339622552776,427.1709421526019,423.8664919427265,426.5543823242187,61595400
2023-08-29,426.44835885508,432.9994865828607,426.26531078000176,432.7200927734375,83081900
2023-08-30,433.0573129923486,435.1382574911251,432.35402143192493,434.5024108886719,69053900
2023-08-31,435.1189529964718,436.2557562391773,433.6834985527266,433.8665466308594,66084600
2023-09-01,436.58338220970904,437.06508153807744,433.2211009052936,434.67584228515625,58944100
2023-09-05,434.2326640905419,434.55057269413254,432.7297646178386,432.7971801757813,55166200
2023-09-06,431.9878970619196,432.0938861890391,427.5659013158959,429.8876953125,70758500
2023-09-07,426.89156794336543,429.2422630358517,426.5447585365695,428.5679016113281,70355400
2023-09-08,428.61604594030854,430.74514868706615,428.25959315019446,429.2133483886719,61659700
2023-09-11,431.8338284325165,432.3444285728758,430.1286232997532,432.0361633300781,60180100
2023-09-12,430.5910826980936,432.1132397855067,429.08818300144895,429.6661987304687,67565400
2023-09-13,429.8877204342684,431.3231749266096,428.7894319282898,430.1671142578125,60199300
2023-09-14,432.6334271290332,434.5698383708397,431.332833106535,433.8761901855469,83430800
2023-09-15,432.2935551441486,432.6222625307114,428.2136712808251,428.6487121582031,111848900
2023-09-18,428.3393267614431,430.1955896700722,427.86560575276553,428.9000854492187,55752200
2023-09-19,427.9815868766938,428.5713482483716,425.332573169419,428.0105895996094,66514600
2023-09-20,429.2674693964477,429.68318495179983,423.8727265693422,424.0757751464844,82562600
2023-09-21,421.2334205936458,421.4944451347644,416.9118372759941,417.0665283203125,104095800
2023-09-22,418.091288955446,419.6864977783781,415.71294757869936,416.1286926269531,100829700
2023-09-25,414.920205158679,417.9172517040119,414.485134786977,417.8786010742187,70874500
2023-09-26,414.84285049792544,415.54862280920696,410.9079802974168,411.7394409179687,96168400
2023-09-27,412.90925504168933,413.4700137261174,408.2686420542666,411.9037780761719,104705800
2023-09-28,411.3527373620953,415.964347748709,410.7629759370554,414.2917785644531,92258300
2023-09-29,417.3372277775056,417.5112441372113,411.76846823252566,413.2863464355469,115111300
2023-10-02,412.454856073705,414.3691244055631,410.36657139466814,413.1219482421875,83798600
2023-10-03,410.94664397430034,413.1799422139496,406.2286708865281,407.59185791015625,103760600
2023-10-04,408.0559666596498,411.3043900178651,406.59609392791054,410.5599670410156,87453000
2023-10-05,410.2698466979117,411.2463208378169,407.1857922692752,410.40521240234375,70142700
2023-10-06,407.9592644123595,416.81512702154566,406.6347574601129,415.2779235839844,113273300
2023-10-09,413.3830108074734,418.5070521455923,412.8319589906931,417.9366455078125,80374400
2023-10-10,418.5649967058061,422.7028857085662,418.1686064888882,420.11187744140625,78607300
2023-10-11,421.17540990507433,422.0841718346622,418.797068320578,421.8328247070313,62451700
2023-10-12,422.4419396645169,422.8189751332802,416.9118599230101,419.26116943359375,81154200
2023-10-13,420.75965970754623,421.95850789546967,415.60664534568787,417.1728515625,95143100
2023-10-16,419.4157827397426,422.6255551040407,419.1740835467255,421.56207275390625,75433200
2023-10-17,418.43931518310666,423.59235858221746,418.09128250171426,421.542724609375,75324700
2023-10-18,419.77352121429993,420.7306406420035,414.8428514424272,415.9256591796875,93559800
2023-10-19,416.64108906158174,418.44899434083845,411.5944086302288,412.2711486816406,121323000
2023-10-20,411.8361966032146,412.3776005627674,407.09886770067334,407.2052307128906,123919900
2023-10-23,405.6775455247154,410.356867474967,403.92764587358863,406.4993286132813,92035100
2023-10-24,408.6167068763109,410.71466914656554,406.7701212432729,409.5641784667969,78564200
2023-10-25,407.8819288454219,407.91093157015536,403.17360349885,403.6860046386719,94223200
2023-10-26,402.6225515026816,403.47330792914914,397.9335809780985,398.8520202636719,115156800
2023-10-27,400.43762562519,400.83401590980566,395.6229662582375,397.0441589355469,107367700
2023-10-30,399.8284803456642,402.8448816266276,398.5329761803426,401.79107666015625,86562700
2023-10-31,402.361534981924,404.63351364420447,400.4569438698378,404.3144836425781,79665200
2023-11-01,405.2812038082296,409.4384179741357,404.7494479004914,408.6263122558594,98068100
2023-11-02,412.4161644286976,416.612088488878,412.3968391143164,416.4573974609375,94938900
2023-11-03,418.7584345746445,421.8038389898476,418.63274625361095,420.2569580078125,100167800
2023-11-06,421.0109973746679,421.6684121077968,419.2804228673673,421.22369384765625,67831700
2023-11-07,421.223666855701,423.0605747296388,420.08285380291056,422.4224853515625,64256100
2023-11-08,423.0218997774992,423.54397827582386,420.4308916076277,422.73187255859375,61746000
2023-11-09,423.8727750755541,423.91145521433583,419.00978765036695,419.4351806640625,83174400
2023-11-10,421.5041020397778,426.28972875327344,419.42546520511473,425.9803466796875,89462200
2023-11-13,424.64622403342025,426.67647397269064,423.863120884433,425.5743408203125,52236100
2023-11-14,431.5007656250587,435.1165763059157,431.2783917339626,433.8307495117187,97176900
2023-11-15,435.16486101976614,436.3927117469104,433.8983596665992,434.7491455078125,77327600
2023-11-16,434.3044705903049,435.59997479434537,433.24098818272,435.2809448242187,66665800
2023-11-17,435.29057073108856,436.43141334936854,434.3721314970017,435.82232666015625,83133200
2023-11-20,435.57099160312566,440.0182630951851,435.5613141930735,439.1771545410156,69936200
2023-11-21,438.13293202095787,439.05140070988807,436.9534388382608,438.2199401855469,49244600
2023-11-22,439.8732756356209,441.2267854299995,438.8194705277012,439.9119262695313,59394900
2023-11-24,439.9602422808771,440.3759578384197,439.6315348978691,440.1825866699219,29737400
2023-11-27,439.55417048077294,440.36627627306393,439.00308920962266,439.3898315429687,50506000
2023-11-28,439.00310690168646,441.1203943936042,438.4423777026132,439.8248901367187,62115000
2023-11-29,441.9712058841978,443.1023712619962,439.1191726740231,439.5155334472656,63146000
2023-11-30,440.35662667945024,441.5941254302394,438.287667320312,441.2460632324219,79752700
2023-12-01,440.6369649429203,444.388141230824,440.0472330596215,443.8564147949219,89183400
2023-12-04,440.4726232624604,443.8757373404589,439.2544498661346,441.52642822265625,72430900
2023-12-05,440.14394887033336,442.3965725770802,439.76688393206007,441.439453125,69793500
2023-12-06,443.5760069120985,443.6050096339301,439.22542161159066,439.6604919433594,69124700
2023-12-07,441.73920179328286,443.6631182990797,441.1397923997764,443.015380859375,66995400
2023-12-08,442.2708784448438,445.451648340426,442.029179232505,444.919921875,83194400
2023-12-11,444.4268307846884,446.8244975103325,444.2141343049595,446.65045166015625,65002200
2023-12-12,446.3024099023236,448.78708475043413,445.30661038207074,448.6903991699219,68327600
2023-12-13,449.0674408996175,455.1292757819329,448.709730800554,454.8778991699219,93278000
2023-12-14,456.8114895469167,458.0006602364905,453.6693999362765,456.3377685546875,119026000
2023-12-15,455.7417134699126,456.9163018501235,453.7420397034311,455.5863952636719,141553700
2023-12-18,457.1881698520897,459.1296032853033,456.13009218585904,458.149169921875,70375300
2023-12-19,458.6927056575324,461.012732509764,458.6150613654375,460.93505859375,55761800
2023-12-20,460.0808576886502,461.96405036999886,454.1206728290634,454.54779052734375,102921000
2023-12-21,457.5278509164755,459.1295570366737,455.1107760152546,458.8577575683594,86667500
2023-12-22,459.98374941589714,461.45925759296136,457.8870276491879,459.7799072265625,67160400
2023-12-26,460.1876248035588,462.62410332069675,460.1099508863103,461.7213439941406,55387000
2023-12-27,461.5175089754055,462.7017844285322,460.98362668768385,462.5561828613281,68000300
2023-12-28,462.91536504878167,463.5657286208665,462.3135254600746,462.7309265136719,77158100
2023-12-29,462.5367654374911,463.06096072132885,459.4401769650659,461.3913269042969,122283100
2024-01-02,458.3335624378489,459.7993540123723,456.7124526493962,458.8092041015625,123623700
2024-01-03,456.6542463475319,457.3920005131712,454.4604467676884,455.0622863769531,103585900
2024-01-04,454.5865863632777,457.16869615612853,453.3731905747531,453.5964660644531,84232200
2024-01-05,453.80028176128866,456.6639075045455,452.77132456262234,454.21771240234375,86118900
2024-01-08,454.7127531652983,460.8476889622242,454.5865552720958,460.70208740234375,74879100
2024-01-09,458.05202403896755,461.02241437904433,457.54726208619434,460.003173828125,65931400
2024-01-10,460.275022232607,463.4686883884697,459.9935061021223,462.604736328125,67310600
2024-01-11,463.6045886611641,464.11906733105025,458.4306816460421,462.4009094238281,77940700
2024-01-12,463.8472262405501,464.58498035155515,461.3136700813151,462.72119140625,58026400
2024-01-16,461.3428140279713,462.6532578332319,459.2072255045687,461.0224609375,85014900
2024-01-17,458.00353981867966,458.94513616011074,456.110630489601,458.4597778320313,68843900
2024-01-18,460.1294153145847,463.0900892897804,458.5859793739224,462.5367736816406,91856200
2024-01-19,463.6628015298727,468.58434205067863,462.5853202688259,468.3028259277344,110834500
2024-01-22,469.83653714242234,471.0110958989677,468.6425450951434,469.2929382324219,75844900
2024-01-23,469.8365357098171,470.9043002358288,468.7493378931313,470.66162109375,49945300
2024-01-24,473.5252650573401,474.45714470411593,470.6810725123754,471.1761474609375,81765000
2024-01-25,473.30199623812143,474.0106300348732,471.1761540957068,473.73883056640625,72525000
2024-01-26,473.3117152908374,474.79691054106985,472.29247468488353,473.1369934082031,76641600
2024-01-29,473.4476564539632,477.0296033689382,472.90405748370506,476.8839721679687,61322800
2024-01-30,476.19475312019154,477.2237103899132,475.7579187820987,476.5151062011719,58618400
2024-01-31,474.3115894395865,474.7581108271003,468.72025176527393,468.73968505859375,126011100
2024-02-01,470.43839078044346,474.9036930669608,469.6326794127357,474.87457275390625,91891600
2024-02-02,475.3113689891685,481.523949196212,474.97161226030033,479.8737487792969,99228200
2024-02-05,479.2428126687566,479.90289286822576,475.8744247735656,478.12646484375,75757100
2024-02-06,479.0680669349689,479.84465802363434,477.6411122849623,479.5146179199219,55918600
2024-02-07,481.756982255993,483.93137810723994,480.854193242822,483.5139770507813,70556500
2024-02-08,483.5140107138251,484.10613370157176,482.6986122128381,483.7275695800781,52343600
2024-02-09,484.2322866772762,486.9599980744067,483.8925299274153,486.523193359375,63979400
2024-02-12,486.4941004077062,488.7558572787602,485.5913113646883,486.3096618652344,56502300
2024-02-13,480.0484981553463,482.53353038052535,476.3500701317823,479.6116638183594,113099200
2024-02-14,482.2423403647749,484.4555731763151,479.92231331563113,483.97021484375,68387800
2024-02-15,484.66906756169146,487.4938562363656,484.19339631478,487.3094177246094,61683000
2024-02-16,487.0085316428908,488.1442534791648,484.1449058140717,484.8826599121094,75532900
2024-02-20,483.14510603430045,483.8149029118612,479.9708731626724,482.2132263183594,71736700
2024-02-21,480.9124325062878,482.80531210783914,479.1068842202188,482.6499938964844,59293400
2024-02-22,489.2508804387059,493.5996718242251,488.2898508655614,492.638671875,76402500
2024-02-23,494.35685563775104,495.1916873577398,492.25041710535265,492.97845458984375,61321800
2024-02-26,493.4152350521733,493.8520693709636,491.0466841824756,491.1728820800781,50386700
2024-02-27,491.8621118078968,492.3086331480539,489.9692025931845,492.0853576660156,48854500
2024-02-28,490.5322390639573,492.01743437576624,490.17307863790023,491.4350280761719,56506600
2024-02-29,493.19197313484807,494.8130532117829,490.55162288856457,493.20166015625,83924800
2024-03-01,494.0753617325155,498.25911842016706,493.6676477127876,497.8320007324219,76844800
2024-03-04,497.0360730146448,499.1425115484434,497.0069230762816,497.2981262207031,49799300
2024-03-05,495.2984545471132,495.745005535815,490.1245478315941,492.32806396484375,72855600
2024-03-06,495.5993458504527,497.0748540345267,493.531744386683,494.8227844238281,68382400
2024-03-07,498.11356939849594,500.78304025779806,494.8810662776538,499.7346496582031,58652100
2024-03-08,500.36560770630734,503.04473579557066,496.1623881738849,496.735107421875,86532500
2024-03-11,495.5314219659159,496.89041928478855,493.6093924281333,496.3079833984375,62557200
2024-03-12,498.41449998303995,502.2294094929587,495.9003176684613,501.6470031738281,73114400
2024-03-13,501.9672879725168,502.14200986510485,499.4240150117718,500.8606567382813,55104100
2024-03-14,501.83132111592977,501.9866689472691,496.8321662856789,499.8705139160156,110171800
2024-03-15,496.80813351794416,498.2590153922283,494.7730358188075,496.4381103515625,107646300
2024-03-18,500.4985887866016,501.9396941096387,498.9795682095846,499.3885192871094,88893300
2024-03-19,498.6971800566581,502.44602683293346,497.6942069408899,502.1636657714844,60755300
2024-03-20,502.22213711517423,506.9447169695435,501.5502591703246,506.8083801269531,69594600
2024-03-21,509.6420207680806,510.3430798516799,508.2008558207935,508.4832763671875,60256100
2024-03-22,508.3954886770838,508.8823549532907,507.2854193036717,507.5191650390625,79070800
2024-03-25,506.1463075448143,507.26612405969263,505.9612959318849,506.11712646484375,48512100
2024-03-26,507.53872874874105,507.8795708881853,504.7831077134368,505.1823120117187,65463700
2024-03-27,508.00609219695343,509.4666912006187,505.8443747669276,509.4277038574219,82999800
2024-03-28,509.46668962011773,510.8298796934876,509.0479917055304,509.3303527832031,96294900
2024-04-01,510.07039018205234,510.6059312526336,507.2854696375655,508.4442138671875,62477500
2024-04-02,504.62712010589473,505.3476726450962,502.9133414008126,505.2113952636719,74230300
2024-04-03,504.1208688391064,507.266065898289,504.0721940901131,505.7664794921875,59155800
2024-04-04,509.7685979294163,510.10938062558256,499.29122383235546,499.5930786132813,96858100
2024-04-05,500.9465048519071,506.7694068986325,500.5083132867227,504.8121948242187,74546500
2024-04-08,505.5133313161047,506.5162450455588,504.28641866242464,505.0945739746094,48401800
2024-04-09,506.8278303713481,507.0712635271461,500.8393509659492,505.6788330078125,68049200
2024-04-10,499.9922752896709,502.60187193743167,498.638831930463,500.615478515625,82652800
2024-04-11,502.1344572387197,505.8346295064768,498.6290433917763,504.3935241699219,70099000
2024-04-12,500.85889444352966,502.2708187739483,495.70784003413945,497.4313659667969,92561100
2024-04-15,501.5989207934361,501.7644387082916,490.3522904966187,491.199462890625,92101400
2024-04-16,491.6765860412786,493.19560665785394,489.0182851042901,490.3036193847656,73484000
2024-04-17,492.7573540743495,492.9229016859064,486.0093945109761,487.4018249511719,75910300
2024-04-18,488.7943908470013,490.8879103775737,485.4642116695209,486.39898681640625,74548100
2024-04-19,486.32104754330464,487.3142441699,480.8876025986124,482.1534729003906,102212600
2024-04-22,484.75331996273405,489.18382142190774,482.4163675078979,486.59368896484375,67961000
2024-04-23,488.5995792337359,492.7963646750655,486.4086807205422,492.367919921875,64633600
2024-04-24,493.25400289949073,494.042723959268,489.9141070818203,492.13421630859375,55928100
2024-04-25,486.067923554612,491.0242198548646,484.42231277383286,490.26470947265625,69122400
2024-04-26,493.0495298783495,496.4868049205615,492.4166096033967,494.9093627929687,64306100
2024-04-29,496.69135068736904,497.334017888736,493.925953155284,496.6621398925781,46415400
2024-04-30,495.20149000874,496.1752226900087,488.7943420410156,488.7943420410156,77483600
2024-05-01,488.2101273744075,494.8412449760707,486.7397814235659,487.2071838378906,80242800
2024-05-02,490.9073316662554,492.6016467604268,486.4281553313073,491.76422119140625,62550200
2024-05-03,497.73315122045955,499.0866240599667,495.20144055878046,497.8597412109375,72756700
2024-05-06,500.2551349869787,503.039996024656,499.8169434203136,503.0010681152344,47264700
2024-05-07,503.9649812751594,504.94846059160966,502.8841524832229,503.5560302734375,52561300
2024-05-08,501.72553086291623,504.14036899052337,501.6086876910597,503.6048278808594,42047200
2024-05-09,503.7898378767789,506.5455181068331,503.1374535973279,506.5065307617187,43643700
2024-05-10,508.1034276825477,508.91164241656554,505.9417697440449,507.158935546875,52233200
2024-05-13,508.8336415908161,508.94073789979245,506.0877088695995,507.2269592285156,36716400
2024-05-14,507.4218746415022,510.07045870728615,506.8863334989738,509.5543518066406,57535900
2024-05-15,512.0178797101214,516.1562436643347,511.3849296855296,515.8641357421875,59504900
2024-05-16,515.9613562995729,517.5582917841381,514.6565286641568,514.8026123046875,50244800
2024-05-17,514.9195824580145,515.6109540647997,513.4687302561026,515.5427856445312,59187600
2024-05-20,515.6595992673854,517.5973177042522,515.2700824401487,516.13671875,37764200
2024-05-21,515.3772666864285,517.5584184029028,515.1727614260365,517.402587890625,33437000
2024-05-22,516.7112486575287,517.4220544657823,513.741316563043,515.9127807617188,48390000
2024-05-23,518.9605990872589,519.0676954201629,510.93699174891134,512.1444702148438,57211200
2024-05-24,513.9848197975488,516.3412958961842,513.0403275362747,515.5330810546875,41291100
2024-05-28,516.3411878885217,516.5748741957514,513.2641596915468,515.8932495117188,36269600
2024-05-29,511.871810616093,513.4589997088932,511.56995584928654,512.28076171875,45190300
2024-05-30,510.7422171925198,511.40434819604866,507.63600797436754,508.8823547363281,46377600
2024-05-31,509.8368376154552,513.6441071219834,504.7441741112185,513.5175170898438,90785800
2024-06-03,515.1240809646227,515.4064420460951,508.87267437322015,513.9360961914062,46835700
2024-06-04,512.6313840068518,515.2507275789484,511.17078482758455,514.5106811523438,34632700
2024-06-05,516.8281493311971,520.6451650598835,514.84169649016,520.6256713867188,47610400
2024-06-06,520.927446289771,521.3558910101924,518.6878732006264,520.6158447265625,30808500
2024-06-07,519.6421901069427,522.7873872843439,518.55161418802,519.9830322265625,43224500
2024-06-10,519.1747616812378,521.9109480214009,518.5807990347079,521.589599609375,35686100
2024-06-11,520.0414093421914,522.9041857425336,518.0744503489441,522.8457641601562,36383400
2024-06-12,527.4028194115604,529.8274041983666,526.1077383475028,527.139892578125,63251300
2024-06-13,528.8829798084458,529.0582445758802,525.4164935113477,528.2013549804688,44760900
2024-06-14,526.6725282080745,528.5518251182958,525.6695550365463,528.5226440429688,40089900
2024-06-17,527.8410283318889,534.1216160104203,527.3833430672393,532.7291259765625,55839500
2024-06-18,532.7874995764366,534.2091705580833,532.3688016931667,534.0825805664062,41376400
2024-06-20,535.0076850141029,535.669816103357,530.8595742964317,532.6317749023438,70328200
2024-06-21,531.810221745453,533.0313142277637,530.4621308750893,531.9176635742188,64338600
2024-06-24,531.7419769944488,534.3013827585795,530.0715005630634,530.188720703125,45528700
2024-06-25,531.4096852385123,532.5917242597523,529.8955424418219,532.2302856445312,37936200
2024-06-26,531.1165526304471,533.6075690548244,530.471842115672,532.8944702148438,38550600
2024-06-27,532.7577451835803,534.3110010096894,532.0153114364416,533.734619140625,35041500
2024-06-28,534.5064116818106,537.5543137581463,530.3938098387125,531.6343994140625,76144500
2024-07-01,533.0118486999152,533.2560672380866,529.973784394742,532.7285766601562,40297800
2024-07-02,531.126400132376,536.3135986328125,531.0775683576217,536.3135986328125,40434800
2024-07-03,536.000949362856,539.068347757372,535.9618958708759,538.7069091796875,32789900
2024-07-05,539.0097918869257,542.2139076372644,538.3747999305978,541.8134155273438,41488400
2024-07-08,542.5949332840256,543.3861988920726,541.3738407022457,542.4386596679688,36110500
2024-07-09,543.3959524424528,544.2946598471173,542.6730752067231,542.9661254882812,27289700
2024-07-10,544.1872742397521,548.6808713510104,543.8942239279161,548.3389892578125,38701200
2024-07-11,548.4560949063842,549.3255270030801,542.9758465360856,543.6107788085938,53054200
2024-07-12,544.7342036963953,550.6345006536228,544.2653232987394,547.0396118164062,53084400
2024-07-15,549.0325043663784,551.7775178290722,546.6879829958002,548.5440673828125,40584300
2024-07-16,549.8530882979716,552.090108393895,549.1008762046278,551.7970581054688,36475300
2024-07-17,545.8771519032762,547.5476278240299,543.7377955656038,544.0601806640625,57119000
2024-07-18,545.5939606590898,546.5806130354061,537.7008012722223,539.8792114257812,56270400
2024-07-19,539.644738170822,541.2663824595259,535.2390267295067,536.2940673828125,65509100
2024-07-22,540.2113152231016,542.4288382548532,538.2771238069361,541.8231811523438,43346700
2024-07-23,541.7156406949248,543.8647752379528,540.4848296428585,540.9732666015625,34439600
2024-07-24,536.1670544374522,536.4698829953903,527.7952370228695,528.7135009765625,74515300
2024-07-25,528.8307523766035,534.7994982405838,525.0209792890996,525.958740234375,61158300
2024-07-26,529.7393433023149,534.535769150024,528.9675745637637,531.849365234375,53763800
2024-07-29,533.3927359573876,534.3988851266782,530.169004207153,532.161865234375,39515800
2024-07-30,533.6271909452782,534.6822315404584,526.0661958644091,529.4656982421875,46853600
2024-07-31,536.2842643515584,540.6997538692295,534.9166765387299,538.0719604492188,65663400
2024-08-01,539.7913683115238,542.0381669821182,526.9552273833177,530.4524536132812,76428700
2024-08-02,523.3602388903765,524.5715530952934,516.3755660291246,520.576171875,82789100
2024-08-05,499.8078827767836,511.4717620077493,498.4695402072865,505.4151306152344,146267400
2024-08-06,507.21256590008903,517.4990792856169,505.89380965132887,510.0748596191406,84826300
2024-08-07,516.2485361223863,519.2964376315753,506.0695264870208,506.6654052734375,70698300
2024-08-08,511.79405372836936,519.0033889369354,509.77197692780607,518.3782348632812,63276600
2024-08-09,517.5576103421191,522.1489300560904,516.3365178449808,520.6640625,45619600
2024-08-12,521.8559471668351,523.3407552909962,518.6713279832952,520.9376831054688,42542100
2024-08-13,524.122235093717,529.739260585726,523.8780165940644,529.5047607421875,52333100
2024-08-14,530.2959605592147,532.3572097547438,527.6291139531684,531.1751708984375,42446900
2024-08-15,536.7922766972661,540.5629961238054,536.1866195717042,540.2797241210938,60846800
2024-08-16,538.6679083622046,542.1846909540823,538.5116347380534,541.4910888671875,44430700
2024-08-19,541.9013070349608,546.66845703125,541.0514314058853,546.66845703125,39121800
2024-08-20,546.2190851764095,547.8700045132335,544.4411674580102,545.7794799804688,33732300
2024-08-21,546.8248322343893,549.1106842316043,541.9013486274712,547.6551513671875,41514600
2024-08-22,549.5503421956289,550.1559994238155,542.1456191373768,543.35693359375,56121500
2024-08-23,546.5903394303513,550.0680084955276,544.4020915801096,549.1301879882812,50639400
2024-08-26,550.1559102385648,550.8690092024209,546.1214157161334,547.8211669921875,35788600
2024-08-27,546.5512279111676,549.0618012606642,545.4083020191189,548.5733642578125,32693900
2024-08-28,548.2315309438809,548.661357929549,542.204174863817,545.3887939453125,41066000
2024-08-29,547.352316743397,550.644377643334,544.2946960843145,545.4376220703125,38715200
2024-08-30,547.8017316610252,551.1524028130747,544.2556737558524,550.6444091796875,62700100
2024-09-03,547.5086116923438,547.8407751289367,536.8021094517958,539.3126831054688,60600100
2024-09-04,537.4760237850145,541.6081812415587,536.7531466494503,538.2086791992188,47224900
2024-09-05,538.1500854338868,540.9927622926045,534.4476951362813,536.899658203125,44264300
2024-09-06,537.2221796738046,538.8437645502386,526.9650009606123,527.8637084960938,68493800
2024-09-09,532.054494369654,535.0437266855093,530.1300214174476,533.7737426757812,40445800
2024-09-10,535.6786451567546,536.4504138231891,530.8138314182086,536.0986938476562,36394600
2024-09-11,536.0108800293665,542.5168359009789,527.4730091477311,541.5985717773438,75248600
2024-09-12,542.1748597619055,546.4633510224045,539.9573366553728,546.1605224609375,51819600
2024-09-13,546.7662020730168,550.0094311099382,546.5122052774053,549.0130004882812,39310500
2024-09-16,548.7491943236346,550.0875069413107,546.9517795427174,549.8237915039062,36656100
2024-09-17,552.0315464267048,553.4773606816602,547.8212213158272,550.0485229492188,49321000
2024-09-18,550.7029048507478,555.5384427736924,547.8602279225689,548.4170532226562,59044900
2024-09-19,557.8049085738365,559.6316584337985,554.9426745171918,557.7755737304688,75315500
2024-09-20,556.4096197933483,557.8500005367814,553.7933228326182,556.8113403320312,77503100
2024-09-23,557.8794446150124,558.8495067502496,556.6643550711399,558.2027587890625,44116900
2024-09-24,558.9964258828836,559.8587165873663,556.1743944512203,559.7999267578125,46805700
2024-09-25,559.6431398003925,560.3780425284191,557.4579883539482,558.5652465820312,38428600
2024-09-26,562.8179934718497,563.1413674659622,558.428192996937,560.7798461914062,48336000
2024-09-27,561.847824630314,562.6610738881527,558.9375788488986,559.9664306640625,42100900
2024-09-30,558.9376557740085,562.8179640810873,556.6447925339722,562.21044921875,63557400
2024-10-01,561.8576982708267,562.5043864049716,554.6066335561335,557.1738891601562,72668800
2024-10-02,556.282242548741,558.4281611024765,553.8913563966638,557.4090576171875,38097800
2024-10-03,555.9391917508498,558.3300776437013,554.1068390984451,556.3899536132812,40846500
2024-10-04,560.828843806913,561.8185225581165,556.6643942780399,561.4461669921875,42939100
2024-10-07,559.7998460712181,560.4465939096317,555.2238688786401,556.3703002929688,49964700
2024-10-08,558.9376197622599,562.230029540932,558.0655806170524,561.6322631835938,37398700
2024-10-09,561.6224145456196,566.0808720947961,561.0247080377793,565.5223388671875,37912200
2024-10-10,564.1799758679994,565.9535388259317,562.9257131010544,564.53271484375,44138100
2024-10-11,564.4543586951436,568.6482329129351,564.3171624790748,567.913330078125,42268000
2024-10-14,569.5203487222559,573.4888724089859,569.0402217080135,572.5579833984375,36217200
2024-10-15,572.8224884018784,573.1262458468478,566.8942243784207,568.1093139648438,54203600
2024-10-16,568.1092586044506,571.0978512020905,567.305757742965,570.5784912109375,30725400
2024-10-17,574.1159000748407,574.3216944108202,570.441385688738,570.6275634765625,34393700
2024-10-18,572.3129579783322,573.6063941876963,570.852960533333,572.822509765625,37416800
2024-10-21,572.0973787445921,573.0772492638474,568.9127995570122,571.8818359375,36439000
2024-10-22,569.3537388044809,572.7343039714391,568.6972423190728,571.5780639648438,34183800
2024-10-23,569.5594810059998,570.0004346494243,562.8571411229607,566.3552856445312,49314600
2024-10-24,568.3052337104026,568.3836400907534,564.9639018539431,567.5801391601562,34979900
2024-10-25,569.8044050522926,572.6950344865168,566.443456997856,567.3840942382812,47268200
2024-10-28,570.8529569215461,570.9803448675634,568.8344261393737,569.13818359375,30174700
2024-10-29,568.1778099310847,571.1762108700161,566.7864107519835,570.0592041015625,42899700
2024-10-30,569.5888588084969,571.5780244818477,567.6291179550885,568.3346557617188,41435800
2024-10-31,563.9742291931302,564.0428273008541,556.9975564307639,557.1935424804688,60182500
2024-11-01,559.8195584319851,563.9643910438907,559.1336371976272,559.545166015625,45667500
2024-11-04,559.6823223393656,560.9757583388703,556.4585705161212,558.3399047851562,38217000
2024-11-05,559.251198693126,565.1304208425688,559.0356559214524,565.0912475585938,39478300
2024-11-06,577.3395892403747,580.0146160051545,573.6062858121453,579.1425170898438,68182000
2024-11-07,581.1415644099445,584.639708979933,581.063158030651,583.62060546875,47233200
2024-11-08,584.1693242787533,587.5695056932594,584.1693242787533,586.148681640625,46444900
2024-11-11,587.7360663213191,588.0888053142032,584.9826328704219,586.7072143554688,37586800
2024-11-12,586.6287817012992,587.2264882691159,582.4055428293386,584.8846435546875,43006100
2024-11-13,585.3451316888757,587.1676761411395,582.9836705187753,585.1687622070312,47388600
2024-11-14,585.296306295251,585.7764333139074,580.7203273990799,581.4061889648438,38904100
2024-11-15,577.8492248081469,578.3196033347165,572.1071978105703,573.9591674804688,75988800
2024-11-18,574.4196493771738,577.6238450144261,573.5574183688442,576.3108520507812,37001700
2024-11-19,572.9400384688264,579.142574989824,572.2737337790142,578.41748046875,49412000
2024-11-20,578.4958236706298,578.8975441726233,572.8615695316089,578.6134033203125,50032600
2024-11-21,581.4550191630284,583.140367253691,575.6247793256173,581.7195434570312,46750300
2024-11-22,581.7097870344509,584.1497143652956,581.2101034094488,583.5225830078125,38226400
2024-11-25,587.451946771504,588.7649396726674,583.2188992835091,585.5020141601562,42441400
2024-11-26,586.746407902425,589.2255088244219,586.0311216188419,588.5592041015625,45621300
2024-11-27,588.3729502321648,588.7550542016285,585.256969810655,586.7757568359375,34000200
2024-11-29,587.5890586237147,591.2047827973582,587.3147260107087,590.4208984375,30177400
2024-12-02,590.8323780737772,592.1552388895445,590.3424429138348,591.4791259765625,31746000
2024-12-03,591.2440480710218,591.9985076527607,590.2151960547985,591.7535400390625,26906600
2024-12-04,593.4389336760423,595.6730071584342,592.7726289600115,595.4280395507812,42787600
2024-12-05,595.4279904670244,596.2314913306755,594.0953811448159,594.4481201171875,28762200
2024-12-06,595.212525949607,596.8097196143469,594.8009970944031,595.5750732421875,31241500
2024-12-09,595.457476264727,595.6240374954255,591.9201582931329,592.508056640625,34742700
2024-12-10,593.1841677805376,593.605504896008,590.0093971009587,590.6658935546875,37234500
2024-12-11,593.5858806768452,596.1825011825678,593.3114882757061,595.2320556640625,28677700
2024-12-12,594.3698085144841,594.9380902901107,592.1651000976562,592.1651000976562,31543800
2024-12-13,594.1934038090473,594.9086900260288,590.6756429397628,592.0474853515625,35904700
2024-12-16,593.8014244521054,595.54562235978,593.0273484159295,594.5755004882812,43695200
2024-12-17,592.0278913761272,592.9881452170704,590.7540718346318,592.1258544921875,55773500
2024-12-18,591.822113059209,594.2031909866316,574.0962907751041,574.4784545898438,108248700
2024-12-19,579.456191269411,581.0631932062172,574.0570953688857,574.3020629882812,85919500
2024-12-20,571.9778879961826,585.722562754752,571.1323175828937,581.2000122070312,125716700
2024-12-23,580.9442707021165,585.2800160502417,577.7685966184363,584.6802978515625,57635800
2024-12-24,586.0273454449668,591.2185033240278,585.4472496940897,591.1791381835938,33160100
2024-12-26,589.4093887705021,592.3392110668057,588.0133066034633,591.2184448242188,41219100
2024-12-27,587.482441071987,587.7184519013749,580.8165903318666,584.9950561523438,64969300
2024-12-30,577.9948115421023,581.7799853973963,574.5733451400716,578.3192138671875,56578800
2024-12-31,579.9808236627084,580.698577374324,574.5832389413312,576.21533203125,57052700
2025-01-02,579.4695486945864,581.180251846637,570.7291685588775,574.7994995117188,50204000
2025-01-03,577.64092396713,582.6255346471705,576.5594027877501,581.9865112304688,37888500
2025-01-06,586.2337670283534,589.6060270134918,583.608664526265,585.3390502929688,47679400
2025-01-07,587.3643786767495,587.6888410122485,576.903513754268,578.7223510742188,60393100
2025-01-08,578.7911897402016,580.6395509433228,575.350100693004,579.56787109375,47304700
2025-01-10,576.0185903209236,576.0874192959229,568.8119506064235,570.7192993164062,73105000
2025-01-13,566.0788468496604,571.9581742427216,565.6658729466735,571.604248046875,47910100
2025-01-14,574.5241441869972,575.1533862250869,568.6152938144415,572.3906860351562,48420600
2025-01-15,580.3937160773642,583.9429389739179,579.2827311805529,582.802490234375,56900200
2025-01-16,584.1690862304802,584.34604932179,580.9836305712422,581.6817016601562,43319700
2025-01-17,586.9121689712896,589.2717368825727,585.5848557638515,587.521728515625,58070600
2025-01-21,590.5596519481012,592.9094384516549,588.5933154613438,592.8995971679688,42532900
2025-01-22,595.7212772630847,597.5893209036658,595.170705454465,596.2325439453125,48196000
2025-01-23,595.6032899728609,599.48681640625,595.3280340779654,599.48681640625,41152100
2025-01-24,599.54587252364,600.4995770008244,596.5865262707722,597.73681640625,34604700
2025-01-27,584.798310310645,589.5961762199101,584.6311885086425,589.2815551757812,70361100
2025-01-28,590.5105900023588,595.1806398263976,587.1973173488781,594.344970703125,44433300
2025-01-29,593.5583059073574,593.9614384934404,589.1340487911447,591.6804809570312,37177400
2025-01-30,593.7943006280343,596.389819126707,590.6087851839717,594.8560791015625,39281300
2025-01-31,597.2747575383468,599.6933732210748,590.9333098394596,591.6903686523438,66566900
2025-02-03,582.6943625959686,590.1861005375324,580.5510628181718,587.7085571289062,65857200
2025-02-04,587.767535135661,592.1622687341741,587.2268045597665,591.6510620117188,33457800
2025-02-05,590.5301667443101,594.1973649569587,588.5048426365228,594.0498657226562,30653100
2025-02-06,595.7902226770135,596.2425017541303,592.4867911796968,596.1146850585938,35771500
2025-02-07,596.6751899944051,597.8943094243326,589.9502905479743,590.658203125,50788500
2025-02-10,593.863227291288,595.30845601079,592.5949016719809,594.6693725585938,26048700
2025-02-11,592.4080280097315,595.662312577201,592.2900526181724,595.12158203125,30056700
2025-02-12,589.1144530437037,594.3743794070193,588.4360645213627,593.2044067382812,45076100
2025-02-13,594.3055297285264,599.6736500230521,593.0471055616473,599.4671630859375,40921300
2025-02-14,599.6736949390985,600.7060096863363,598.8183432907158,599.437744140625,26910400
2025-02-18,600.5978525430173,601.1975708007812,598.1399318067746,601.1975708007812,26749000
2025-02-19,599.8113366176324,602.908280775238,599.3000698962699,602.6133422851562,31011100
2025-02-20,601.2468333157376,601.3844913054286,596.8029525718144,600.1063842773438,36554000
2025-02-21,599.8899309928074,600.0275889538111,589.3798596850504,589.8419799804688,76519800
2025-02-24,591.8869960824046,592.8800056614799,586.4500466079941,587.157958984375,50737200
2025-02-25,587.0990297013516,587.8265647106925,579.6367551973434,584.2379760742188,58266500
2025-02-26,585.899394022331,589.4879818072211,581.8978924126887,584.5327758789062,43321600
2025-02-27,586.8038868268065,587.9542367689231,574.8092833927938,575.2025146484375,74196700
2025-02-28,575.7040488167072,584.7098443771037,572.6365684069419,584.178955078125,88744100
2025-03-03,586.1452445030724,587.2857532860544,570.1392964764723,573.9441528320312,74249200
2025-03-04,569.9525786591505,575.5369680083471,562.6181207422406,567.1505126953125,109648200
2025-03-05,566.9833166199888,575.035467216836,563.434093538414,573.24609375,71230500
2025-03-06,565.7937090893346,570.4047711019521,560.523941077153,563.0703735351562,80094900
2025-03-07,561.2908538818324,567.6716070865215,556.1095373006934,566.226318359375,81158800
2025-03-10,558.0365509948175,559.9536812738498,546.2385307775894,551.14453125,99326600
2025-03-11,549.9843938775969,554.5266268117218,542.728606721458,546.5629272460938,88102100
2025-03-12,552.7076387923001,553.6318192815521,544.3703918307585,549.4631958007812,69588200
2025-03-13,549.0896792735167,549.6992388466521,540.4279685563406,542.138671875,74079400
2025-03-14,546.7497351697265,554.3398260143258,542.2075022062043,553.3369750976562,62660300
2025-03-17,553.3172833424321,560.1208513978755,552.8846868765244,557.6039428710938,49008700
2025-03-18,555.2934937414076,555.5098219909205,549.6501167935029,551.5771484375,66041400
2025-03-19,553.3566169353411,561.3399385264869,552.1768030039566,557.584228515625,66556000
2025-03-20,553.8481847501696,560.9663132490421,553.1304311253591,555.9718017578125,62958200
2025-03-21,551.5204692681951,557.0526205906217,550.2878120115934,556.1552124023438,83763000
2025-03-24,562.880651498493,567.1703352751009,562.2890000340255,566.1151733398438,58766800
2025-03-25,567.3181383211917,568.4127234708074,565.7304902910278,567.4759521484375,38355700
2025-03-26,567.2097618801449,568.3339598573967,559.3207546377017,560.7013549804688,51848300
2025-03-27,559.3109298319079,562.9793497998379,557.1020172521603,559.2123413085938,42164200
2025-03-28,557.6838014665011,558.4135249923543,547.3689030262066,547.95068359375,71662700
2025-03-31,542.201606334121,552.93066066187,539.2826520783074,551.6289672851562,95328200
2025-04-01,549.7159501655996,555.1297722698289,545.998235889195,553.1870727539062,54609600
2025-04-02,547.3491617248258,559.5475341360295,547.1125011420022,556.6878051757812,76014500
2025-04-03,537.5471385326381,540.3674444952709,529.2538452148438,529.2538452148438,125986000
2025-04-04,516.404523136506,518.5740121118964,498.05273494035157,498.2696838378906,217965100
2025-04-07,482.40291724281104,515.9114550791749,475.115432610906,497.3821716308594,256611400
2025-04-08,514.6196468974629,517.6963548854247,482.3733480760591,489.591796875,165816600
2025-04-09,486.59399925019795,541.0084228515625,486.20939567811143,541.0084228515625,241867300
2025-04-10,524.7865408671853,526.098105010763,502.2535908103832,517.3018798828125,162331200
2025-04-11,515.7536352571723,528.9874258955272,512.8544231608307,526.531982421875,97866300
2025-04-14,536.5017912856171,536.7286411738348,526.453165817952,531.6401977539062,68034000
2025-04-15,532.1825399641931,535.6931457102869,529.3622343758641,530.151123046875,56892900
2025-04-16,524.3033791384568,530.4272422697393,513.0713913810127,518.3668823242188,83484800
2025-04-17,520.3194821276195,523.800475242003,516.6411916080497,519.1065063476562,79868100
2025-04-21,513.9293621868783,514.4619087085769,501.4055809569725,506.7503967285156,69368100
2025-04-22,512.9235348557764,521.9564215250564,511.9867032226325,519.9348754882812,75948100
2025-04-23,532.9319549297188,537.8625838932508,526.4728430251603,527.991455078125,90590700
2025-04-24,529.2735171048926,539.8349482182391,528.0211780146883,539.105224609375,64150400
2025-04-25,539.0656730072541,543.4045902561826,536.1467190777879,543.0003051757812,61119600
2025-04-28,543.7399439376,545.8699492792146,537.4583271221219,543.2073974609375,47613800
2025-04-29,541.294298062473,547.7435994540236,540.9393072120234,546.6292724609375,47775100
2025-04-30,539.9729233205555,548.7987614609631,534.0068741379372,546.84619140625,93101500
2025-05-01,552.5952816524762,556.2439589647481,550.1200963901105,550.7216186523438,63186100
2025-05-02,556.894803218062,560.4941864598073,554.5774316657111,558.8966674804688,60717300
2025-05-05,554.7648727126054,558.788283367358,553.9069479669498,555.6918334960938,38659200
2025-05-06,550.1891335164119,555.5339182387945,549.232620427504,551.0470581054688,48264700
2025-05-07,552.3784371058738,555.9975022415719,548.3254139860352,553.3645629882812,55588000
2025-05-08,557.3977713110521,562.3974366423718,553.9069074354913,557.2202758789062,65130800
2025-05-09,558.6205786168767,559.6264462916283,554.9522191721212,556.5103149414062,37603400
2025-05-12,573.4026196086874,574.9114211824733,569.0340889310521,574.9015502929688,78993600
2025-05-13,575.3156554869938,580.9070323903663,574.7536167184122,578.6981201171875,67947200
2025-05-14,579.6546629482465,580.8084133986617,577.4161378946785,579.437744140625,66283500
2025-05-15,577.4358426248243,582.770756919371,576.9822030720642,582.2678833007812,71268100
2025-05-16,583.0469103495059,586.2518193704545,581.1042713102905,585.9559936523438,76052100
2025-05-19,579.9406348417033,587.27741416191,579.9406348417033,586.5969848632812,68168500
2025-05-20,584.8614155899625,585.8080578995526,581.419785763877,584.6246948242188,60614500
2025-05-21,580.2759146876367,584.3584902721909,573.7477661832594,574.7733154296875,95197700
2025-05-22,574.5761569887384,578.4812376730355,573.3434994709072,575.000244140625,70860400
2025-05-23,567.988738706783,573.7378691727489,567.6140060747297,571.0753173828125,76029000
2025-05-27,577.938827709351,583.1061179228353,570.4048112020747,582.9483642578125,72588500
2025-05-28,583.3526236048898,584.545857588394,578.8460211072919,579.5757446289062,68445500
2025-05-29,584.8318350718904,584.9699071457442,577.9388245287198,581.8635864257812,69973300
2025-05-30,580.7591289651484,582.9286180198035,575.1480700909575,581.2127685546875,90601200
2025-06-02,579.605419698203,584.5656021144322,576.9428674958667,584.4867553710938,61630500
2025-06-03,584.121791379625,588.7960181097066,583.6385391723649,587.8197631835938,63606200
2025-06-04,588.6777869901737,589.6540420807372,587.2281505008873,587.6620483398438,57314200
2025-06-05,589.3383724752952,590.6893600195378,582.8496477946317,584.8218994140625,92278700
2025-06-06,590.3540722792903,592.4940086999786,588.5790577947733,590.8274536132812,66588700
2025-06-09,591.3994087206146,592.9082102708385,590.1864930975049,591.3599853515625,53016400
2025-06-10,591.8924637491524,595.0973729509094,590.7781968461302,594.7128295898438,66247000
2025-06-11,595.8074157747775,596.6653405011278,590.9556931519085,593.0166625976562,73658200
2025-06-12,591.6853731206485,595.3734741210938,591.2021810906274,595.3734741210938,64129000
2025-06-13,590.1963519379123,593.499849631983,587.218232455665,588.7171630859375,89506000
2025-06-16,592.0700235861916,596.0638215052488,591.8924679557008,594.318359375,79984100
2025-06-17,591.8826784891205,593.401290785268,588.480531921813,589.2398681640625,82209400
2025-06-18,590.1371879149127,592.8785866278505,588.1944885876793,589.1510620117188,76605000
2025-06-20,591.8224395288368,592.8906208578056,586.3629131433069,587.7673950195312,94051400
2025-06-23,588.5190130228361,593.9587392448562,585.4035696790836,593.5730590820312,87426000
2025-06-24,597.7072083922786,601.1885919192599,596.7972471416377,600.13037109375,67735300
2025-06-25,601.247995602986,601.940336500435,598.903972841808,600.4666748046875,62114800
2025-06-26,602.3161684365299,605.5997923429508,601.7029677445283,605.1646118164062,78548400
2025-06-27,606.1635425121184,609.6350865938839,604.1360202356653,608.1712646484375,86258400
2025-06-30,610.6141591814244,612.4339608811991,608.2997765977428,611.0789794921875,92502500
2025-07-01,609.6053849111585,612.0483479268365,608.7746241554748,610.8812866210938,70030100
2025-07-02,610.4757907292374,613.6901746824169,609.8526899336259,613.650634765625,66510400
2025-07-03,615.6287169448548,619.4167617045248,615.6089168033244,618.487060546875,51065800
2025-07-07,616.5286134886126,617.1913144548079,611.0987877910964,613.8779907226562,74814500
2025-07-08,614.5406899285775,615.2923708557059,612.7307881009865,613.5418090820312,59024600
2025-07-09,615.945166968477,617.8737488887257,614.1055045789822,617.2210083007812,66113300
2025-07-10,617.3594891460615,620.0002120765442,616.1825277796053,618.9617309570312,57529000
2025-07-11,615.9155275578457,618.0122901417473,614.7188263007702,616.785888671875,63670200
2025-07-14,616.3308265898004,618.3089087938923,614.9857451789246,617.9627685546875,51898500
2025-07-15,620.6430672331502,620.9793073894895,615.2428812967698,615.322021484375,74317300
2025-07-16,616.9044910111767,617.8836320494379,611.276844692317,617.3792114257812,88987500
2025-07-17,617.557284919235,621.5134493059918,617.3396644874989,621.1573486328125,68885700
2025-07-18,622.4035753929759,622.5716954836944,619.5947323692288,620.7024536132812,65621600
2025-07-21,621.87939453125,624.6189973413707,621.4541141003111,621.87939453125,63375000
2025-07-22,622.2058050575365,622.828905853138,619.3277216791315,621.9684448242188,60046300
2025-07-23,624.6288825447934,627.259765625,622.8288205336723,627.259765625,70511000
2025-07-24,627.6454884244192,629.1785504969665,627.0421878119985,627.4674682617188,71307100
2025-07-25,628.1301809903662,630.5928838363332,627.8829206987424,630.1181030273438,56865400
2025-07-28,630.4939604147171,631.0478210681617,628.5752180855901,629.9598999023438,54917100
2025-07-29,631.3544434316219,631.670943868378,627.388438817005,628.29833984375,60556300
2025-07-30,628.9509803708415,630.6917023127537,624.6189756546709,627.5070190429688,80418900
2025-07-31,632.4522656090571,632.8379457731452,623.8574957354674,625.1531372070312,103385200
2025-08-01,619.436379958757,619.475980234049,612.5031927364548,614.9065551757812,140103600
2025-08-04,618.8133862322555,624.3025527793549,618.7244063300172,624.2531127929688,73218000
2025-08-05,624.866279158634,625.6773001361546,620.1683337507773,621.088134765625,68051400
2025-08-06,622.1563552914652,626.4982606508958,621.2464542892866,625.8455200195312,64357500
2025-08-07,629.2675537310744,629.9994345491891,622.2156852544556,625.3212890625,74205800
2025-08-08,627.1114011688534,630.6620853000642,626.7949007710238,630.1972045898438,64051600
2025-08-11,630.4742118551501,631.947873553624,627.70484826023,628.9510498046875,58742300
2025-08-12,631.2950454377703,635.8050706066525,629.8114837326607,635.6468505859375,64730800
2025-08-13,637.8425547169825,639.1085564704525,635.6370120856271,637.8228149414062,60092800
2025-08-14,635.7457174616427,638.5447207235369,635.300697252298,637.882080078125,59327500
2025-08-15,638.9106535836406,639.0095939138803,635.4787099260534,636.3886108398438,68592500
2025-08-18,635.8150025688236,636.9425240091701,635.1424618060598,636.2501831054688,43804900
2025-08-19,636.0720632428176,637.0512042052354,631.4828983695179,632.79833984375,69750700
2025-08-20,632.3929060531275,632.6500060324975,626.013578858981,631.1170043945312,88890300
2025-08-21,629.3071851926883,630.978606926108,626.8642219548319,628.5851440429688,54805800
2025-08-22,630.7709103705197,639.4151205943501,630.2664897119097,638.2381591796875,84083200
2025-08-25,636.9820621561176,638.218363635622,635.3105801411765,635.4292602539062,51274300
2025-08-26,635.1622594491828,638.4359833484747,634.5391586749303,638.0897827148438,51581600
2025-08-27,637.5062787617181,640.2755819843173,637.3578984386413,639.543701171875,48341100
2025-08-28,640.146950913372,642.3623933153343,638.267809046051,641.8085327148438,61519500
2025-08-29,640.374480883152,640.7404816664739,636.0919759234915,637.9810180664062,74522200
2025-09-02,630.5137545728464,633.4709780533357,627.9620114164865,633.25341796875,81983500
2025-09-03,635.6270824559713,637.1502445176759,633.4413400681225,636.6853637695312,70820900
2025-09-04,637.3579030521721,642.0361089027498,636.4579021356687,642.0064086914062,65219200
2025-09-05,644.3404973975818,645.0625384730564,636.2798483910566,640.14697265625,85178900
2025-09-08,641.5118841129237,642.7185457406785,640.1371023874503,641.7196044921875,63133100
2025-09-09,641.8579832056892,643.7272854003053,640.1271612550325,643.203125,66133900
2025-09-10,646.4570213518696,647.3768223058731,643.4997982019892,645.0625,78034500
2025-09-11,647.0109525903231,651.1154976382888,646.4274520986086,650.4231567382812,69934400
2025-09-12,650.393364548417,651.8868261792371,649.7010841125947,650.2054443359375,72780100
2025-09-15,652.4111340519337,653.795755474802,652.1144337731963,653.6671752929688,63772400
2025-09-16,654.2210123755038,654.5276730798186,651.9858301119879,652.7671508789062,61169000
2025-09-17,652.7770367516476,654.4682584259048,647.1295902463727,651.9561157226562,101952200
2025-09-18,654.6363789857319,657.6035020628194,653.0341373534065,655.0023193359375,90459200
2025-09-19,656.8877828567474,659.0895125014193,654.9438659954435,658.2465209960938,97945600
2025-09-22,656.7587687117981,661.8069106980723,656.7289861632065,661.3606567382812,69452200
2025-09-23,661.2417286303936,661.8566899635472,656.540685502851,657.7606201171875,81708900
2025-09-24,659.0497999269948,659.1489540239103,654.2495430702726,655.6677856445312,68082200
2025-09-25,652.5338627083877,653.9917550046746,649.0328388399253,652.6429443359375,89622100
2025-09-26,654.0909412604747,656.9274266555326,652.4743298182361,656.3819580078125,69179200
2025-09-29,658.9010899003678,659.8135740530697,656.4216318338509,658.2266845703125,73499000
2025-09-30,657.4828203674869,661.1722852976668,656.173659297658,660.7061157226562,86288000
2025-10-01,657.7208749627936,663.8699431635192,657.611793334362,662.95751953125,72545400
2025-10-02,664.9410037342527,665.0600128657511,661.3011766397112,663.7210693359375,56896000
2025-10-03,664.4848020775174,667.1527012490268,662.6698219114437,663.7112426757812,70494400
2025-10-06,666.1014192164715,666.9841207809839,663.9591941673339,666.0914916992188,54623300
2025-10-07,667.0138297258598,667.4601442579947,662.1838505424819,663.6219482421875,72020100
2025-10-08,664.7426772273783,667.6783772359653,663.919480237528,667.5791625976562,60702200
2025-10-09,667.9957845708525,668.4023890582872,663.7112737749407,665.6452026367188,66501900
2025-10-10,666.6071968358344,668.4122493878771,647.4757221413303,647.6542358398438,159422600
2025-10-13,655.2216030747315,659.664772492732,654.3488290056752,657.5919189453125,79560500
2025-10-14,651.7701536094826,660.3590300864076,647.8030207789583,656.78857421875,88779600
2025-10-15,661.3408732132422,664.7228272522149,653.5156893256119,659.7044067382812,81702600
2025-10-16,661.3409444600238,663.2154294168515,651.710706867285,655.2117309570312,110563300
2025-10-17,654.0810128478913,660.2895852935891,652.7322022395391,658.9308471679688,96500900
2025-10-20,661.8367798071084,666.6866142382812,661.7872027532737,665.7840576171875,60493400
2025-10-21,665.9229005771253,667.4601523988813,664.4748753427003,665.7741088867188,56249000
2025-10-22,666.4783066993808,666.4783066993808,657.8497808005621,662.3128051757812,80564000
2025-10-23,662.6301900162397,667.1825015615415,662.3128121266341,666.2402954101562,65604500
2025-10-24,670.9016937183009,672.8951271271609,670.0983517375236,671.6851806640625,74356500
2025-10-27,677.1201116013259,679.9070199177999,676.5151383891614,679.6094970703125,63339800
2025-10-28,681.4046232640447,683.2493254549719,679.2028936555786,681.41455078125,61738100
2025-10-29,683.0609104229828,684.0328991417463,677.2590027977353,681.7418823242188,85657100
2025-10-30,678.2805222142791,680.303738053287,674.2439575195312,674.2439575195312,76335800
2025-10-31,679.4111219213156,679.4508319897004,673.6587916341136,676.4556274414062,87164100
2025-11-03,680.0359699637585,680.1649066224819,674.3530715971103,677.7251586914062,57315000
2025-11-04,670.5545580097922,674.3729598389511,669.0371611161902,669.6917114257812,78427000
2025-11-05,669.433839434071,675.2655297930335,668.630497422053,672.0125122070312,74402400
2025-11-06,670.9115428502156,671.8140994484131,663.2252231578799,664.8021850585938,85035300
2025-11-07,662.4218719882706,665.5658682287408,655.7769731606511,665.4567260742188,100592400
2025-11-10,671.6752576501947,676.57466917413,669.4834554774103,675.8407592773438,75842900
2025-11-11,674.3629519753922,677.9532020666294,673.1529450781785,677.3878784179688,58953400
2025-11-12,679.1631581075335,679.3318048264125,675.3547447293747,677.7647705078125,62312500
2025-11-13,674.9084518036677,675.2654792192372,665.010475070097,666.5179443359375,103457800
2025-11-14,659.9127671356764,670.1082678298286,657.8201189320223,666.408935546875,96846700
2025-11-17,664.1971714004484,668.1742314199619,656.7290154076413,660.2002563476562,90456100
2025-11-18,656.6596108350068,659.6548153709225,650.4708935566339,654.65625,114467500
2025-11-19,655.3505280387882,661.856623370592,653.3371790986623,657.185302734375,94703000
2025-11-20,667.3808213360044,670.0090710879778,646.5335791707308,647.1683349609375,165293500
2025-11-21,649.6675301260088,659.0894699034471,645.5020288545189,653.6148681640625,123956200
2025-11-24,657.2448196444445,664.5542570793402,656.1538823239337,663.2351684570312,80437900
2025-11-25,663.135941149376,670.6536740212097,659.020017057554,669.4734497070312,81077100
2025-11-26,672.0620713400136,676.0986363282427,671.1595147067713,674.09521484375,71879600
2025-11-28,675.2654787466182,678.0523870500939,674.9084513312986,677.7747192382812,49212000
2025-12-01,673.2323336611282,677.3779800628074,673.1629015749381,674.6803588867188,61201200
2025-12-02,676.316803165018,678.2012155152329,673.7481184984898,675.9300537109375,62953800
2025-12-03,674.9779023816353,679.2822075879724,674.105128319461,678.2706298828125,57238500
2025-12-04,679.6690366334618,679.7384687237238,675.7416137771377,678.7665405273438,61970300
2025-12-05,679.8375623637357,682.7336127271673,678.9549213715281,680.0557861328125,79241000
2025-12-08,680.9484564225444,680.9980334759979,675.9696853695019,678.0127563476562,55231500
2025-12-09,677.5366934232544,679.7582780276033,676.9812972721672,677.4275512695312,58310100
2025-12-10,676.9515664343469,683.3088703732143,675.711837383319,681.92041015625,85671300
2025-12-11,679.51034738166,683.5865617528303,676.5647198382891,683.5072021484375,86173700
2025-12-12,682.5153843270051,683.2195721462687,673.5893360954813,676.1580810546875,113160300
2025-12-15,680.1053789946951,680.1252340287925,673.6687159286942,675.1365356445312,90811000
2025-12-16,673.6488975485244,675.4837328267965,669.4338188610296,673.2918701171875,122030600
2025-12-17,674.3034691132465,674.8489377460819,665.6848710067972,665.8832397460938,110625200
2025-12-18,672.0322187932205,675.1464323222394,669.3544527925658,670.9114990234375,108650100
2025-12-19,673.0134542661981,677.4896664833268,672.8940327515619,676.9923095703125,103599500
2025-12-22,680.3245290528953,681.7370055876305,676.9922622536055,681.2098388671875,69556700
2025-12-23,680.3046207584179,684.562024812114,680.2548972126992,684.3233032226562,64840000
2025-12-24,684.313382495532,687.1781631452748,684.164151137988,686.7305297851562,39445600
2025-12-26,686.989161229118,688.0037280321676,685.6264081645946,686.660888671875,41613300
2025-12-29,683.9055083361335,685.5567672531378,682.4433081832867,684.2138671875,62559500
2025-12-30,683.8159723723246,684.9200900521846,682.9505762759469,683.3782958984375,47160700
2025-12-31,683.5076844111845,683.726492314561,678.1063955310838,678.3152465820312,74144800
2026-01-02,682.0852055985325,683.2390468658663,676.2263268834449,679.55859375,89377200
2026-01-05,682.910839643419,685.7855773037328,682.7517121374489,684.0845947265625,71927200
2026-01-06,684.2934596862484,688.6602678554459,684.1442890432024,688.1529541015625,69273800
2026-01-07,688.5309418430683,690.2916046822218,685.6761181181482,685.9347534179688,75588300
2026-01-08,685.1787573638412,686.9692300361542,683.8557710289468,685.8651123046875,64019200
2026-01-09,686.9791831428475,691.6344363504869,685.5368360184962,690.4010009765625,80125500
2026-01-12,687.0289310253164,692.410366767912,686.979207477028,691.4852294921875,63976000
2026-01-13,691.813478661017,692.4103433578374,687.6953490317495,690.1026000976562,78309700
2026-01-14,687.347202661372,688.0633674208381,682.4134005947378,686.7105712890625,94676700
2026-01-15,690.8983886882239,691.7737417111902,687.5959315038539,688.5806884765625,77862000
2026-01-16,689.9931507530615,690.5800586110835,686.4519720383781,688.0037231445312,79289200
2026-01-20,677.8874730475171,681.1501633341576,672.9934983300664,673.9981689453125,111623300
2026-01-21,676.0572511802958,685.0991655259935,674.5452667925615,681.77685546875,127844500
2026-01-22,686.2033478813381,687.476610793547,683.2888434897402,685.3379516601562,77112200
2026-01-23,684.5123006998919,687.3074439470811,683.5274830754288,685.5865478515625,63059600
2026-01-26,686.8399658941375,690.4607389282814,686.2729717064406,689.068115234375,60473800
2026-01-27,690.5104039402848,692.8480177488461,689.9036431059924,691.8134765625,55506100
2026-01-28,693.3652237572153,694.1510864943795,690.271678492269,691.7438354492188,61172200
2026-01-29,692.7087686795362,693.375209936545,681.2098793986574,690.3711547851562,97486200
2026-01-30,688.1330925763239,690.540343876794,683.4877957603626,688.3121337890625,101835100
2026-02-02,685.9347490634862,693.2458711004026,685.7755608588325,691.73388671875,79286500
2026-02-03,692.529690413304,693.2757257351432,680.4140840721383,685.885009765625,107904600
2026-02-04,686.7006659106327,687.7948875474046,678.1561081391175,682.5626831054688,105204600
2026-02-05,677.3404209861714,680.0758839506523,672.2176206040476,674.0379638671875,113610800
2026-02-06,677.8576866055596,688.6503070282812,677.2508650473027,686.96923828125,89127600
2026-02-09,685.7755337993461,692.1914496038428,684.7012866666231,690.2816162109375,73885200
2026-02-10,691.276360737094,692.8579216647231,688.0037135108784,688.4613037109375,65185700
2026-02-11,692.7087599208829,693.4547952732178,685.5368515439336,688.3021850585938,76353900
2026-02-12,690.5701102294341,691.6742279947084,676.7734344520502,677.668701171875,118829000
2026-02-13,678.0864377658819,682.6522007204912,673.9384983110481,678.1461181640625,96267500
2026-02-17,676.5446598627462,681.31927396984,672.2077222570326,679.2402954101562,81354700
2026-02-18,680.4041503420104,685.507036973797,679.2204384959671,682.662109375,73570300
2026-02-19,680.2251236342836,682.5527199680946,677.9471901363287,680.8616943359375,58649400
2026-02-20,678.7131823752115,686.4122580979458,678.126274472082,685.7855834960938,100034000
2026-02-23,684.1940214696967,686.3525334522094,676.7734345413753,678.7827758789062,90558100
2026-02-24,678.295350173768,684.7112054782021,676.4053697086953,683.7164916992188,73798700
2026-02-25,686.53156929616,690.0130676270821,686.4519751919497,689.4859008789062,56369500
2026-02-26,689.615191050754,689.6350440416309,680.7323436648176,685.6561889648438,71671000
2026-02-27,679.4790749097389,683.2291046432514,678.0367277603054,682.3637084960938,83308900
2026-03-02,675.1122534180175,684.9797970984218,674.4358553343317,682.7516479492188,87477200
2026-03-03,671.4915420947397,679.0016196644848,666.1200629162043,676.7337036132812,105003100
2026-03-04,678.026802327329,683.4579617719511,676.027417786932,681.50830078125,79182200
2026-03-05,678.4743840881955,681.9061587313661,672.0385544367263,677.7084350585938,106606500
2026-03-06,669.8501461298736,672.5358853430707,666.2194774432897,668.8256225585938,100687000
2026-03-09,662.8673051642795,676.3257505242918,658.888450195908,674.6845092773438,102667700
2026-03-10,674.1374043547928,679.7476047325034,671.1930903760745,673.6002807617188,81505300
2026-03-11,673.9982140650914,676.4849986405864,669.7806371390539,672.7548217773438,68441700
2026-03-12,667.6120785283837,668.0995392824933,662.3500644519811,662.5390625,108882200
2026-03-13,665.7321452917186,668.7859240392634,657.863924887251,658.7890014648438,97200200
2026-03-16,664.8468199428278,668.5173163233716,663.5934708305671,665.493408203125,82023100
2026-03-17,668.8355969918504,670.8747480492216,666.1598145596139,667.2440185546875,87128000
2026-03-18,664.8268919718373,666.1796881508768,657.6948111200146,657.9335327148438,82062600
2026-03-19,653.497076818377,659.4753162945015,651.7066041735543,656.3121337890625,111272500
2026-03-20,654.8230422006715,655.0025723674255,643.063298812559,646.9034423828125,163617500
2026-03-23,656.3790129905765,660.9173090129275,652.2596206790361,653.6959228515625,134802700
2026-03-24,649.6463809650626,655.3417305137531,648.2100787416998,651.5015869140625,96457500
2026-03-25,656.9774239230809,659.1917509309695,652.5588148295345,655.1322021484375,90653800
2026-03-26,650.3844333840033,653.1672421520028,643.1630473705688,643.432373046875,96494400
2026-03-27,640.8489947137006,641.0085567819559,631.4831091918358,632.4606323242188,103649400
2026-03-30,638.4651675144013,638.7245091624994,627.6630399662237,630.3460693359375,99275900
2026-03-31,637.2981538716512,649.865752001465,636.3405988140365,648.6688842773438,152534100
2026-04-01,652.219751792706,656.8278752918841,651.3220400966815,653.5562744140625,97841500
2026-04-02,644.7589215344626,656.5086804928782,643.4522901873171,654.144775390625,68358700
2026-04-06,654.1746977251443,658.0247645183308,653.8356054757206,657.23681640625,39105800
2026-04-07,654.9626585699763,657.9150134208243,649.386996170508,657.5260009765625,69980400
2026-04-08,674.6519776493207,675.3402070755335,669.734652974974,674.27294921875,93606100
2026-04-09,673.1059235004034,679.4096297331154,672.0386657215836,678.162841796875,57134400
2026-04-10,679.5692561407437,680.2774536083281,676.7066358948267,677.7140502929688,42253500
2026-04-13,675.669302461078,684.536473353906,674.8414790590384,684.3369750976562,54185800
2026-04-14,685.9229138241225,692.7952238870419,685.8929616905456,692.675537109375,63480500
2026-04-15,693.4734516118131,698.480571570673,692.4161778504387,698.1414184570312,58240400
2026-04-16,699.2585607342904,700.9741726960574,696.7350934539525,699.8569946289062,49972400
2026-04-17,704.3255249385737,710.5594650064761,703.9464965121796,708.3152465820312,70661900
2026-04-20,706.9587079747221,708.0857482546458,704.3254772575062,706.8988037109375,43546800
2026-04-21,708.4548936431559,709.4523240430285,700.8345107773317,702.2708129882812,58941400
2026-04-22,707.3278031045794,709.6218808832724,706.4001392457644,709.3825073242188,42518500
2026-04-23,707.6768673789517,710.5295037064266,700.4754491270062,706.6295776367188,56174000
2026-04-24,708.9236633096505,712.6340752101273,707.1881441382454,712.10546875,45182000
2026-04-27,711.3374146094498,713.7911152864904,710.4696550399041,713.332275390625,33135900
2026-04-28,709.9908768700561,711.0481506026886,707.4274735730012,709.8612060546875,43117400
2026-04-29,709.1729992133655,710.3699278433978,706.5497524472755,709.7515258789062,41859200
2026-04-30,712.7936806635566,717.9403946619685,708.6244289610544,716.8132934570312,67240900
2026-05-01,719.3966516418469,723.0073446973263,718.6186267345964,718.7982177734375,43049800
2026-05-04,718.2196821209096,720.2644021704073,713.152718877996,716.1649780273438,51950600
2026-05-05,719.9153564929043,723.1769124909786,719.6360467603954,721.9102172851562,36933200
2026-05-06,726.288861980811,732.7023927493656,725.9497697512824,731.9443359375,53288900
2026-05-07,733.161188473549,734.238430329629,727.8748196364371,729.7001342773438,51724600
2026-05-08,733.0415191543954,736.1834492768152,732.6824588199246,735.724609375,47227100
2026-05-11,734.5576163199453,738.8864300819614,734.5576163199453,737.4002685546875,44024000
2026-05-12,734.9964788307154,736.9414802248905,729.9494836014034,736.2831420898438,54185300
2026-05-13,736.5723674930287,741.9983910774667,733.5800764180441,740.4025268554688,44200200
2026-05-14,741.7391534739264,747.6040491923611,741.649357949993,746.2474975585938,45307600
2026-05-15,739.8838927249178,741.5496453663399,736.0637780312098,737.2706298828125,60410800
2026-05-18,737.9289136337939,739.5147938000424,731.5054597381557,736.751953125,47843900
2026-05-19,732.8919551385734,735.7545755811656,729.650306265128,731.8446044921875,54255900
2026-05-20,733.8195334397973,739.9636778498481,732.0042028263388,739.3452758789062,45768000
2026-05-21,736.7419902854853,742.9559620700644,735.1361419849363,740.8114624023438,43332200
2026-05-22,744.3224328967863,747.015507083493,742.566945697205,743.7239990234375,41762000
2026-05-26,748.0827892360243,750.1973368284331,746.4469887578754,748.6613159179688,41123600
2026-05-27,748.9505199197505,749.4492351039673,746.2973210478585,748.5316162109375,42106300
2026-05-28,748.3221518516883,753.2095851254732,747.3047533704411,752.6609497070312,41562600
2026-05-29,753.9576670103595,756.1320579864754,752.7507543048832,754.5361328125,55075700
2026-06-01,753.4189990020213,758.3264003155792,752.7507376917755,756.5908203125,43634900
2026-06-02,755.0847737682097,758.4461093852723,754.805464031348,757.6182250976562,31581900
2026-06-03,756.2018667594974,756.8501599793441,751.6336185743088,752.3018798828125,51402500
2026-06-04,750.1673635570705,756.3614281257201,749.5389775481502,755.1445922851562,49923000
2026-06-05,750.3768677170906,750.8855669656407,733.6400171295905,735.65478515625,93989400
2026-06-08,741.4498108327123,743.4247643242134,736.2931129658897,737.3204345703125,49319100
2026-06-09,741.7191759970133,744.9807928982774,720.7332622187009,735.1560668945312,87683500
2026-06-10,731.5054857614351,736.4826536495077,723.4661992814284,723.56591796875,60341300
2026-06-11,726.8873842592473,738.0984921563339,722.5485255148498,735.8642578125,86330500
2026-06-12,738.8066884479139,742.5270843334097,733.1412911200548,739.843994140625,57079500
2026-06-15,749.9179969688896,754.7356026867302,749.8282623277308,752.890380859375,60176400
2026-06-16,752.6111046530555,753.4988323298886,747.9531216783239,748.4019775390625,67093100
2026-06-17,749.3594421826946,750.217278570044,737.3204502885575,739.0560302734375,85945200
2026-06-18,747.760009765625,748.22998046875,743.8599853515625,746.739990234375,80875700
2026-06-22,747.7000122070312,750.1799926757812,743.1300048828125,744.3900146484375,46628100
2026-06-23,733.8099975585938,739.6300048828125,732.2999877929688,733.5800170898438,66846800
2026-06-24,735.1699829101562,739.9500122070312,730.8400268554688,733.239990234375,57439500
2026-06-25,738.9099731445312,739.3699951171875,729.5999755859375,734.2999877929688,53934400
2026-06-26,728.9500122070312,736.530029296875,716.5800170898438,728.989990234375,71034000
2026-06-29,736.530029296875,741.5599975585938,732.0900268554688,741.0,58035200
2026-06-30,741.2899780273438,748.02001953125,740.8900146484375,746.77001953125,55626000
2026-07-01,745.0,749.4400024414062,742.3800048828125,745.760009765625,47100900
2026-07-02,747.4000244140625,751.3099975585938,740.030029296875,744.780029296875,57447800
2026-07-06,748.739990234375,752.4099731445312,747.4099731445312,751.280029296875,50673300
2026-07-07,750.219970703125,750.9600219726562,745.2100219726562,747.7100219726562,43721500
2026-07-08,743.1599731445312,746.1500244140625,739.510009765625,745.4000244140625,43767400
2026-07-09,747.3499755859375,751.969970703125,745.5900268554688,751.7100219726562,41441700
2026-07-10,752.0499877929688,755.4199829101562,748.0999755859375,754.9500122070312,42191300
2026-07-13,752.469970703125,753.9099731445312,748.0,749.1699829101562,44013600
2026-07-14,750.9099731445312,753.3400268554688,748.6599731445312,751.8300170898438,35143100
2026-07-15,754.239990234375,755.5800170898438,750.2000122070312,754.8099975585938,43844800
2026-07-16,752.760009765625,754.5700073242188,747.8800048828125,750.719970703125,46409800
2026-07-17,742.0800170898438,747.2899780273438,740.7999877929688,743.2899780273438,62651000
2026-07-20,747.0599975585938,748.72998046875,741.510009765625,742.0900268554688,50422300
2026-07-21,746.2899780273438,749.0399780273438,744.1799926757812,748.280029296875,34324300
2026-07-22,746.6199951171875,750.02001953125,746.3699951171875,747.4099731445312,32836200
2026-07-23,739.3699951171875,742.5599975585938,735.2100219726562,738.1799926757812,55437300
2026-07-24,738.510009765625,743.719970703125,737.2899780273438,738.9299926757812,44782000
2026-07-27,744.9099731445312,745.530029296875,735.8699951171875,739.0900268554688,41461200
2026-07-28,739.1900024414062,742.7899780273438,735.97998046875,740.8599853515625,47322200
2026-07-29,739.969970703125,742.6799926757812,729.0999755859375,729.4600219726562,70697200
2026-07-30,736.0499877929688,742.4500122070312,734.5900268554688,741.6900024414062,66811300
2026-07-31,744.6799926757812,748.9000244140625,737.6799926757812,747.030029296875,62339900
